fact_id,jtbd_id,student_id,domain,name,value,unit,effective_date,confidence,source_ref,provenance_note,created_ts
F-JTBD-AS-0001-ai1,JTBD-AS-0001,huda-2025,keyword,AI,1,,2023-06-21,high,Assessment Call,,2025-09-28T23:02:44.474134+00:00
F-JTBD-AS-0001-journalism1,JTBD-AS-0001,huda-2025,keyword,journalism,1,,2023-06-21,high,Assessment Call,,2025-09-28T23:02:44.474147+00:00
F-JTBD-AS-0001-game1,JTBD-AS-0001,huda-2025,keyword,game,1,,2023-06-21,high,Assessment Call,,2025-09-28T23:02:44.474156+00:00
F-JTBD-AS-0001-design1,JTBD-AS-0001,huda-2025,keyword,design,1,,2023-06-21,high,Assessment Call,,2025-09-28T23:02:44.474164+00:00
F-JTBD-AS-0002-clubmentions,JTBD-AS-0002,huda-2025,signal,club_mentions,20,,2023-06-21,medium,Assessment Call,,2025-09-28T23:02:44.747686+00:00
F-JTBD-AS-0002-hoursmention,JTBD-AS-0002,huda-2025,signal,hours_mentions,4,,2023-06-21,medium,Assessment Call,,2025-09-28T23:02:44.747698+00:00
F-JTBD-AS-0003-ncwit1,JTBD-AS-0003,huda-2025,keyword,NCWIT,1,,2023-06-21,low,Assessment Call,,2025-09-28T23:02:45.428677+00:00
F-JTBD-AS-0004-satmentions1,JTBD-AS-0004,huda-2025,signal,SAT_mentions,1,,2023-06-21,low,Assessment Call,,2025-09-28T23:02:45.700428+00:00
F-JTBD-GP-0001-mentionssat3,JTBD-GP-0001,huda-2025,signal,mentions_SAT,3,,2025-06-22,medium,GamePlan Report,,2025-09-28T23:02:47.730840+00:00
F-JTBD-GP-0001-mentionstarg,JTBD-GP-0001,huda-2025,signal,mentions_target,6,,2025-06-22,medium,GamePlan Report,,2025-09-28T23:02:47.730855+00:00
F-JTBD-GP-0001-targetapprox,JTBD-GP-0001,huda-2025,target,target_approx,1550,,2025-06-22,medium,GamePlan Report,,2025-09-28T23:02:47.730867+00:00
F-JTBD-GP-0002-ncwithits2,JTBD-GP-0002,huda-2025,signal,NCWIT_hits,2,,2025-06-22,medium,GamePlan Report,,2025-09-28T23:02:47.962946+00:00
F-JTBD-GP-0003-ecmentions15,JTBD-GP-0003,huda-2025,signal,EC_mentions,15,,2025-06-22,medium,GamePlan Report,,2025-09-28T23:02:48.193734+00:00
F-JTBD-GP-0004-hoursmention,JTBD-GP-0004,huda-2025,signal,hours_mentions,3,,2025-06-22,medium,GamePlan Report,,2025-09-28T23:02:48.435195+00:00
F-JTBD-GP-0005-aimentions12,JTBD-GP-0005,huda-2025,signal,AI_mentions,12,,2025-06-22,low,GamePlan Report,,2025-09-28T23:02:48.693820+00:00
F-JTBD-GP-0005-empowermenti,JTBD-GP-0005,huda-2025,signal,empower_mentions,2,,2025-06-22,low,GamePlan Report,,2025-09-28T23:02:48.693834+00:00
F-JTBD-GP-0006-narrativehit,JTBD-GP-0006,huda-2025,signal,narrative_hits,5,,2025-06-22,low,GamePlan Report,,2025-09-28T23:02:48.928319+00:00
F-jtbd-ec-final-0001-empowerin,JTBD-EC-FINAL-0001,huda-2025,ec,Empowering AI (EmpowAI) – Magazine & Community,Founder/Editor-in-Chief,,2024-12-15,high,Final ECs & Awards (PreFinal),Parsed from pre-final EC & Awards PDF,2025-09-29T03:54:45.678635+00:00
F-jtbd-ec-final-0001-synthoria,JTBD-EC-FINAL-0001,huda-2025,ec,Synthoria – AI Podcast (Spotify/YouTube),Host/Producer,,2024-12-15,high,Final ECs & Awards (PreFinal),Parsed from pre-final EC & Awards PDF,2025-09-29T03:54:45.678652+00:00
F-jtbd-ec-final-0001-huda-s-st,JTBD-EC-FINAL-0001,huda-2025,ec,Huda’s Studio – Indie Game + AI Art,Founder/Designer,,2024-12-15,high,Final ECs & Awards (PreFinal),Parsed from pre-final EC & Awards PDF,2025-09-29T03:54:45.678665+00:00
F-jtbd-ec-final-0001-jenz-medi,JTBD-EC-FINAL-0001,huda-2025,ec,JenZ Media – journalism & social content,Founder/Editor,,2024-12-15,high,Final ECs & Awards (PreFinal),Parsed from pre-final EC & Awards PDF,2025-09-29T03:54:45.678676+00:00
F-jtbd-ec-final-0001-school-ne,JTBD-EC-FINAL-0001,huda-2025,ec,School Newspaper,Editor/Journalist,,2024-12-15,high,Final ECs & Awards (PreFinal),Parsed from pre-final EC & Awards PDF,2025-09-29T03:54:45.678684+00:00
F-jtbd-ec-final-0001-girls-who,JTBD-EC-FINAL-0001,huda-2025,ec,Girls Who Code / CS Club,Member/Lead,,2024-12-15,high,Final ECs & Awards (PreFinal),Parsed from pre-final EC & Awards PDF,2025-09-29T03:54:45.678693+00:00
F-jtbd-ec-final-0001-hackathon,JTBD-EC-FINAL-0001,huda-2025,ec,Hackathons / Game Jams,Participant/Team Lead,,2024-12-15,high,Final ECs & Awards (PreFinal),Parsed from pre-final EC & Awards PDF,2025-09-29T03:54:45.678713+00:00
F-jtbd-ec-final-0001-community,JTBD-EC-FINAL-0001,huda-2025,ec,Community Teaching / Mentorship,Volunteer/Instructor,,2024-12-15,high,Final ECs & Awards (PreFinal),Parsed from pre-final EC & Awards PDF,2025-09-29T03:54:45.678721+00:00
F-jtbd-ec-final-0001-journalis,JTBD-EC-FINAL-0001,huda-2025,ec,"Journalism Programs (e.g., JCamp)",Fellow/Participant,,2024-12-15,high,Final ECs & Awards (PreFinal),Parsed from pre-final EC & Awards PDF,2025-09-29T03:54:45.678731+00:00
F-jtbd-ec-final-0001-portfolio,JTBD-EC-FINAL-0001,huda-2025,ec,Portfolio & Personal Website,Owner/Curator,,2024-12-15,high,Final ECs & Awards (PreFinal),Parsed from pre-final EC & Awards PDF,2025-09-29T03:54:45.678739+00:00
F-jtbd-honors-final-0001-games,JTBD-HONORS-FINAL-0001,huda-2025,award,Games for Change,Submitted/Targeted,,2024-12-15,medium,Final ECs & Awards (PreFinal),Keyword-detected from pre-final EC & Awards PDF,2025-09-29T03:54:47.657466+00:00
F-jtbd-honors-final-0001-jcamp,JTBD-HONORS-FINAL-0001,huda-2025,award,JCamp (AAJA),Applied/Participated,,2024-12-15,medium,Final ECs & Awards (PreFinal),Keyword-detected from pre-final EC & Awards PDF,2025-09-29T03:54:47.657481+00:00
F-jtbd-honors-final-0001-ap-sc,JTBD-HONORS-FINAL-0001,huda-2025,award,AP Scholar,Earned/Anticipated,,2024-12-15,medium,Final ECs & Awards (PreFinal),Keyword-detected from pre-final EC & Awards PDF,2025-09-29T03:54:47.657493+00:00
F-jtbd-adm-0001-accepted-count,JTBD-ADM-0001,huda-2025,admissions,accepted_count,9,,,high,Final College List & Decisions,Derived from college list CSV,2025-09-29T19:07:51.717821+00:00
F-jtbd-adm-0001-waitlisted-cou,JTBD-ADM-0001,huda-2025,admissions,waitlisted_count,8,,,high,Final College List & Decisions,Derived from college list CSV,2025-09-29T19:07:51.717836+00:00
F-jtbd-adm-0001-rejected-count,JTBD-ADM-0001,huda-2025,admissions,rejected_count,11,,,high,Final College List & Decisions,Derived from college list CSV,2025-09-29T19:07:51.717848+00:00
F-jtbd-adm-0001-attending-scho,JTBD-ADM-0001,huda-2025,admissions,attending_school,UIUC,,,high,Final College List & Decisions,Marked in sheet,2025-09-29T19:07:51.717857+00:00
F-jtbd-ca-0001-sat-erw,JTBD-CA-0001,huda-2025,testing,sat_erw,750,,2024-03-04,medium,Common App - UNC (Final Submitted),Parsed from Common App UNC doc,2025-09-29T19:07:53.716797+00:00
F-jtbd-ca-0001-sat-math,JTBD-CA-0001,huda-2025,testing,sat_math,780,,2024-03-04,medium,Common App - UNC (Final Submitted),Parsed from Common App UNC doc,2025-09-29T19:07:53.716811+00:00
F-jtbd-ca-0001-sat-total,JTBD-CA-0001,huda-2025,testing,sat_total,1530,,2024-03-04,medium,Common App - UNC (Final Submitted),Parsed from Common App UNC doc,2025-09-29T19:07:53.716820+00:00
F-jtbd-ca-0001-ap-psychology,JTBD-CA-0001,huda-2025,ap,AP Psychology,4,,2024-11-01,medium,Common App - UNC (Final Submitted),Parsed from Common App UNC doc,2025-09-29T19:07:53.716829+00:00
F-jtbd-ca-0001-ap-human-geogra,JTBD-CA-0001,huda-2025,ap,AP Human Geography,5,,2024-11-01,medium,Common App - UNC (Final Submitted),Parsed from Common App UNC doc,2025-09-29T19:07:53.716847+00:00
F-jtbd-ca-0001-ap-united-state,JTBD-CA-0001,huda-2025,ap,AP United States History,4,,2024-11-01,medium,Common App - UNC (Final Submitted),Parsed from Common App UNC doc,2025-09-29T19:07:53.716857+00:00
F-jtbd-ca-0001-ap-calculus-ab,JTBD-CA-0001,huda-2025,ap,AP Calculus AB,4,,2024-11-01,medium,Common App - UNC (Final Submitted),Parsed from Common App UNC doc,2025-09-29T19:07:53.716865+00:00
F-jtbd-ca-0001-fee-waiver-inte,JTBD-CA-0001,huda-2025,financial,fee_waiver_intent,yes,,2024-11-01,low,Common App - UNC (Final Submitted),Heuristic match in doc,2025-09-29T19:07:53.716874+00:00
F-jtbd-w001-168h-plan-total-ho,JTBD-W001-168H-PLAN,huda-2025,time,total_hours,168,hours/week,2023-06-21,high,W001 Transcript (execution slice),,2025-09-29T20:29:04.490545+00:00
F-jtbd-w001-168h-plan-sleep-ta,JTBD-W001-168H-PLAN,huda-2025,time,sleep_target,8,hours/night,2023-06-21,medium,W001 Transcript (execution slice),,2025-09-29T20:29:04.490560+00:00
F-jtbd-w001-168h-plan-sat-bloc,JTBD-W001-168H-PLAN,huda-2025,time,sat_blocks_init,3,blocks/week,2023-06-21,medium,W001 Transcript (execution slice),,2025-09-29T20:29:04.490572+00:00
F-jtbd-w002-168h-iter-sat-bloc,JTBD-W002-168H-ITER,huda-2025,time,sat_blocks_committed,4,blocks/week,2023-06-26,medium,W002 Transcript,,2025-09-29T20:29:07.202171+00:00
F-jtbd-w002-168h-iter-recovery,JTBD-W002-168H-ITER,huda-2025,time,recovery_blocks,2,blocks/week,2023-06-26,medium,W002 Transcript,,2025-09-29T20:29:07.202183+00:00
F-jtbd-w003-goals-weekly-full-,JTBD-W003-GOALS,huda-2025,sat,weekly_full_sections,3,sections/week,2023-06-26,medium,W003 Transcript,,2025-09-29T20:29:09.666542+00:00
F-jtbd-w003-goals-portfolio-up,JTBD-W003-GOALS,huda-2025,ec,portfolio_updates,1,artifact/week,2023-06-26,medium,W003 Transcript,,2025-09-29T20:29:09.666554+00:00
F-jtbd-w004-profile-themes-det,JTBD-W004-PROFILE,huda-2025,narrative,themes_detected,AI for youth empowerment; journalism as voice,,2023-06-26,medium,W004 Transcript (Janice),,2025-09-29T20:29:12.092472+00:00
F-jtbd-w0045-essay-refine-arti,JTBD-W0045-ESSAY-REFINE,huda-2025,portfolio,artifact_targets,"podcast clip, game demo GIF, article link",,2023-06-26,medium,W004.5 Transcript (Jenny),,2025-09-29T20:29:14.758205+00:00
F-jtbd-exec-w001-w005-actions-,JTBD-EXEC-W001-W005-ACTIONS,huda-2025,actions,count_registered,12,items,2023-07-07,low,Execution Doc Part 1 (slice),,2025-09-29T20:29:17.433081+00:00
F-jtbd-imsg-w001-w005-micro-nu,JTBD-IMSG-W001-W005-MICRO,huda-2025,micro,nudges_count,6,notes,2023-07-07,low,iMessage Part 1 (slice),,2025-09-29T20:29:19.677264+00:00
F-jtbd-w005-naviance-tiers-def,JTBD-W005-NAVIANCE,huda-2025,targeting,tiers_defined,reach/match/safety calibrated from school data,,2023-07-07,medium,W005 Transcript,,2025-09-29T20:31:47.854792+00:00
F-jtbd-w005-naviance-parallel-,JTBD-W005-NAVIANCE,huda-2025,projects,parallel_streams,2,streams,2023-07-07,medium,W005 Transcript,,2025-09-29T20:31:47.854807+00:00
F-jtbd-w001-168h-plan-interact,JTBD-W001-168H-PLAN,huda-2025,coverage,interaction_count,15,,2023-06-21,high,W001 Transcript (execution slice),Hybrid pass heuristic extraction,2025-09-29T20:58:00.794983+00:00
F-jtbd-w002-168h-iter-interact,JTBD-W002-168H-ITER,huda-2025,coverage,interaction_count,15,,2023-06-26,high,W002 Transcript,Hybrid pass heuristic extraction,2025-09-29T20:58:04.570635+00:00
F-jtbd-w003-goals-interaction-,JTBD-W003-GOALS,huda-2025,coverage,interaction_count,15,,2023-06-26,high,W003 Transcript,Hybrid pass heuristic extraction,2025-09-29T20:58:07.064306+00:00
F-jtbd-w004-profile-interactio,JTBD-W004-PROFILE,huda-2025,coverage,interaction_count,15,,2023-06-26,high,W004 Transcript (Janice),Hybrid pass heuristic extraction,2025-09-29T20:58:09.727891+00:00
F-jtbd-w0045-essay-refine-inte,JTBD-W0045-ESSAY-REFINE,huda-2025,coverage,interaction_count,15,,2023-06-26,high,W004.5 Transcript (Jenny),Hybrid pass heuristic extraction,2025-09-29T20:58:12.032916+00:00
F-jtbd-w005-naviance-interacti,JTBD-W005-NAVIANCE,huda-2025,coverage,interaction_count,15,,2023-07-07,high,W005 Transcript,Hybrid pass heuristic extraction,2025-09-29T20:58:14.404007+00:00
F-jtbd-exec-part1-interaction-,JTBD-EXEC-PART1,huda-2025,coverage,interaction_count,15,,2023-08-02–2024-08-30,high,Execution Doc (Part 1),Hybrid pass heuristic extraction,2025-09-29T20:58:16.747090+00:00
F-jtbd-imsg-part1-interaction-,JTBD-IMSG-PART1,huda-2025,coverage,interaction_count,15,,2023-06–2024-??,high,iMessage Part 1 (slice),Hybrid pass heuristic extraction,2025-09-29T20:58:18.870889+00:00
F-jtbd-w006-review-sat-mention,JTBD-W006-REVIEW,huda-2025,signal,sat_mentions,24,,2023-08-05,medium,W006 Transcript,keyword count,2025-09-29T23:45:04.749878+00:00
F-jtbd-w006-review-goal-mentio,JTBD-W006-REVIEW,huda-2025,signal,goal_mentions,15,,2023-08-05,medium,W006 Transcript,keyword count,2025-09-29T23:45:04.749892+00:00
F-jtbd-w006-review-review-ment,JTBD-W006-REVIEW,huda-2025,signal,review_mentions,1,,2023-08-05,medium,W006 Transcript,keyword count,2025-09-29T23:45:04.749904+00:00
F-jtbd-w006-review-practice-me,JTBD-W006-REVIEW,huda-2025,signal,practice_mentions,6,,2023-08-05,medium,W006 Transcript,keyword count,2025-09-29T23:45:04.749913+00:00
F-jtbd-w011-ncwit-dev-applicat,JTBD-W011-NCWIT-DEV,huda-2025,signal,application_mentions,11,,2023-09-06,medium,W011 Transcript,keyword count,2025-09-29T23:45:10.791308+00:00
F-jtbd-w011-ncwit-dev-draft-me,JTBD-W011-NCWIT-DEV,huda-2025,signal,draft_mentions,8,,2023-09-06,medium,W011 Transcript,keyword count,2025-09-29T23:45:10.791321+00:00
F-jtbd-w009-projmgt-project-me,JTBD-W009-PROJMGT,huda-2025,signal,project_mentions,3,,2023-09-09,medium,W009 Transcript,keyword count,2025-09-29T23:45:13.217046+00:00
F-jtbd-w009-projmgt-deadline-m,JTBD-W009-PROJMGT,huda-2025,signal,deadline_mentions,2,,2023-09-09,medium,W009 Transcript,keyword count,2025-09-29T23:45:13.217066+00:00
F-jtbd-w009-projmgt-ship-menti,JTBD-W009-PROJMGT,huda-2025,signal,ship_mentions,3,,2023-09-09,medium,W009 Transcript,keyword count,2025-09-29T23:45:13.217082+00:00
F-jtbd-w009-projmgt-roadmap-me,JTBD-W009-PROJMGT,huda-2025,signal,roadmap_mentions,1,,2023-09-09,medium,W009 Transcript,keyword count,2025-09-29T23:45:13.217098+00:00
F-jtbd-w010-crisis-mit-mit-men,JTBD-W010-CRISIS-MIT,huda-2025,signal,mit_mentions,17,,2023-09-23,medium,W010 Transcript,keyword count,2025-09-29T23:45:15.727351+00:00
F-jtbd-w010-crisis-mit-mentor-,JTBD-W010-CRISIS-MIT,huda-2025,signal,mentor_mentions,98,,2023-09-23,medium,W010 Transcript,keyword count,2025-09-29T23:45:15.727364+00:00
F-jtbd-w010-crisis-mit-essay-m,JTBD-W010-CRISIS-MIT,huda-2025,signal,essay_mentions,5,,2023-09-23,medium,W010 Transcript,keyword count,2025-09-29T23:45:15.727374+00:00
F-jtbd-w010-crisis-mit-msa-men,JTBD-W010-CRISIS-MIT,huda-2025,signal,msa_mentions,2,,2023-09-23,medium,W010 Transcript,keyword count,2025-09-29T23:45:15.727384+00:00
F-jtbd-exec-part1-b2-owner-men,JTBD-EXEC-PART1-B2,huda-2025,signal,owner_mentions,3,,2023-08-15,medium,Execution Doc Part 1 (slice B2),keyword count,2025-09-29T23:45:17.945802+00:00
F-jtbd-exec-part1-b2-due-menti,JTBD-EXEC-PART1-B2,huda-2025,signal,due_mentions,4,,2023-08-15,medium,Execution Doc Part 1 (slice B2),keyword count,2025-09-29T23:45:17.945815+00:00
F-jtbd-exec-part1-b2-action-me,JTBD-EXEC-PART1-B2,huda-2025,signal,action_mentions,30,,2023-08-15,medium,Execution Doc Part 1 (slice B2),keyword count,2025-09-29T23:45:17.945825+00:00
F-jtbd-exec-part1-b2-demo-ment,JTBD-EXEC-PART1-B2,huda-2025,signal,demo_mentions,8,,2023-08-15,medium,Execution Doc Part 1 (slice B2),keyword count,2025-09-29T23:45:17.945835+00:00
F-jtbd-exec-part1-b2-168-menti,JTBD-EXEC-PART1-B2,huda-2025,signal,168_mentions,1,,2023-08-15,medium,Execution Doc Part 1 (slice B2),keyword count,2025-09-29T23:45:17.945843+00:00
F-jtbd-imsg-part1-b2-email-men,JTBD-IMSG-PART1-B2,huda-2025,signal,email_mentions,7,,2023-08-15,medium,iMessage Part 1 (slice B2),keyword count,2025-09-29T23:45:20.626850+00:00
F-jtbd-imsg-part1-b2-meeting-m,JTBD-IMSG-PART1-B2,huda-2025,signal,meeting_mentions,38,,2023-08-15,medium,iMessage Part 1 (slice B2),keyword count,2025-09-29T23:45:20.626863+00:00
F-jtbd-w013-math-intensive-mat,JTBD-W013-MATH-INTENSIVE,huda-2025,signal,math_error_clusters,"[""algebra"", ""functions"", ""data""]",,2023-10-01,medium,W013 Transcript,,2025-09-30T00:37:27.776213+00:00
F-jtbd-w013-math-intensive-dai,JTBD-W013-MATH-INTENSIVE,huda-2025,cadence,daily_math_sets,3x 30-minute blocks,,2023-10-01,high,W013 Transcript,,2025-09-30T00:37:27.776227+00:00
F-jtbd-w013-math-intensive-pos,JTBD-W013-MATH-INTENSIVE,huda-2025,process,post_mortem_required,True,,2023-10-01,high,W013 Transcript,,2025-09-30T00:37:27.776238+00:00
F-jtbd-w014-crisis-ncwit-micro,JTBD-W014-CRISIS-NCWIT,huda-2025,bandwidth,micro_blocks_only,2×25m per day minimum,,2023-10-13,medium,W014 Transcript,,2025-09-30T00:37:31.953840+00:00
F-jtbd-w014-crisis-ncwit-ncwit,JTBD-W014-CRISIS-NCWIT,huda-2025,narrative,ncwit_core_scene,service-oriented moment grounded in lived context,,2023-10-13,medium,W014 Transcript,,2025-09-30T00:37:31.953853+00:00
F-jtbd-w015-sat-crisis-morning,JTBD-W015-SAT-CRISIS,huda-2025,schedule,morning_math_anchor,4 days/week,,2023-10-23,high,W015 Transcript,,2025-09-30T00:37:34.434586+00:00
F-jtbd-w015-sat-crisis-ncwit-v,JTBD-W015-SAT-CRISIS,huda-2025,essay,ncwit_version,v3 target,,2023-10-23,medium,W015 Transcript,,2025-09-30T00:37:34.434598+00:00
F-jtbd-w016-reading-deepdive-e,JTBD-W016-READING-DEEPDIVE,huda-2025,method,evidence_ladder_steps,"[""predict"", ""locate"", ""quote"", ""test""]",,2023-10-15,high,W016 Transcript,,2025-09-30T00:37:36.767909+00:00
F-jtbd-w016-reading-deepdive-a,JTBD-W016-READING-DEEPDIVE,huda-2025,habit,annotation_scheme,"Q#, line ref, claim arrow, elimination ticks",,2023-10-15,medium,W016 Transcript,,2025-09-30T00:37:36.767922+00:00
F-jtbd-w017-psat-analysis-dril,JTBD-W017-PSAT-ANALYSIS,huda-2025,psat,drill_queue_topics,"[""linear_equations"", ""functions"", ""data_analysis""]",,2023-11-06,medium,W017 Transcript,,2025-09-30T00:37:39.326405+00:00
F-jtbd-w017-psat-analysis-rete,JTBD-W017-PSAT-ANALYSIS,huda-2025,schedule,retest_window,within 6–8 weeks,,2023-11-06,medium,W017 Transcript,,2025-09-30T00:37:39.326419+00:00
F-jtbd-exec-part1-b3-demo-ever,JTBD-EXEC-PART1-B3,huda-2025,cadence,demo_every,7–10 days,,2023-10-05,high,Execution Doc Part 1 (slice B3),,2025-09-30T00:37:42.109855+00:00
F-jtbd-exec-part1-b3-reading-p,JTBD-EXEC-PART1-B3,huda-2025,checklist,reading_protocol_embedded,True,,2023-10-15,medium,Execution Doc Part 1 (slice B3),,2025-09-30T00:37:42.109874+00:00
F-jtbd-w018-reset-commitments-,JTBD-W018-RESET,huda-2025,capacity,commitments_pruned,3,items,2023-11-16,medium,W018 Transcript,,2025-09-30T01:01:45.284421+00:00
F-jtbd-w018-reset-stress-level,JTBD-W018-RESET,huda-2025,wellbeing,stress_level_self_report,7,10pt,2023-11-16,low,W018 Transcript,,2025-09-30T01:01:45.284437+00:00
F-jtbd-w019-math-depth-error-f,JTBD-W019-MATH-DEPTH,huda-2025,sat_math,error_family_linear_equations,8,last_4_tests,2023-11-09,medium,W019 Transcript,,2025-09-30T01:01:48.518554+00:00
F-jtbd-w019-math-depth-error-f,JTBD-W019-MATH-DEPTH,huda-2025,sat_math,error_family_geometry,5,last_4_tests,2023-11-09,medium,W019 Transcript,,2025-09-30T01:01:48.518569+00:00
F-jtbd-w020-boa-kickoff-recomm,JTBD-W020-BOA-KICKOFF,huda-2025,recommenders,recommender_count_target,2,people,2023-11-10,high,W020 Transcript,,2025-09-30T01:01:50.921087+00:00
F-jtbd-w020-boa-kickoff-magazi,JTBD-W020-BOA-KICKOFF,huda-2025,impact,magazine_articles_published,10,articles,2023-11-10,low,W020 Transcript,,2025-09-30T01:01:50.921108+00:00
F-jtbd-w022-boa-polish-apush-u,JTBD-W022-BOA-POLISH,huda-2025,academics,apush_unit_assessment,95,percent,2023-12-11,low,W022 Transcript,,2025-09-30T01:01:55.804958+00:00
F-jtbd-w023-apush-boa-apush-sc,JTBD-W023-APUSH-BOA,huda-2025,academics,apush_score,100%,,2023-12-17,high,W023 Transcript,,2025-09-30T01:01:58.162211+00:00
F-jtbd-w024-college-strat-budg,JTBD-W024-COLLEGE-STRAT,huda-2025,constraint,budget_band,need-based / merit hybrid,,2024-01-06,medium,W024 Transcript (Part 2),,2025-09-30T01:54:18.979563+00:00
F-jtbd-w024-college-strat-dist,JTBD-W024-COLLEGE-STRAT,huda-2025,preference,distance,<= 5 hours flight,,2024-01-06,medium,W024 Transcript (Part 2),,2025-09-30T01:54:18.979577+00:00
F-jtbd-w024-college-strat-prim,JTBD-W024-COLLEGE-STRAT,huda-2025,major,primary_major_cluster,"[""CS"", ""Journalism"", ""Media-Tech""]",,2024-01-06,high,W024 Transcript (Part 2),,2025-09-30T01:54:18.979589+00:00
F-jtbd-w0245-college-refine-np,JTBD-W0245-COLLEGE-REFINE,huda-2025,finance,npc_required,True,,2024-01-07,high,W024.5 Transcript,,2025-09-30T01:54:21.620721+00:00
F-jtbd-w0245-college-refine-ri,JTBD-W0245-COLLEGE-REFINE,huda-2025,strategy,risk_distribution,"{""reach"": 3, ""target"": 4, ""safety"": 2}",,2024-01-07,high,W024.5 Transcript,,2025-09-30T01:54:21.620742+00:00
F-jtbd-w025-boa-app-boa-deadli,JTBD-W025-BOA-APP,huda-2025,deadline,boa_deadline,2024-01-17,,2024-01-09,medium,W025 Transcript,,2025-09-30T01:54:24.055055+00:00
F-jtbd-w025-boa-app-recommende,JTBD-W025-BOA-APP,huda-2025,recommenders,recommender_slots,2,,2024-01-09,high,W025 Transcript,,2025-09-30T01:54:24.055074+00:00
F-jtbd-w026-ncwit-post-sr-ncwi,JTBD-W026-NCWIT-POST-SR,huda-2025,award,ncwit_status,recognized,,2024-01-13,high,W026 Transcript,,2025-09-30T01:54:26.877913+00:00
F-jtbd-w026-ncwit-post-sr-talk,JTBD-W026-NCWIT-POST-SR,huda-2025,speaking,talk_targets,"[""school CS club"", ""local library workshop""]",,2024-01-13,medium,W026 Transcript,,2025-09-30T01:54:26.877925+00:00
F-jtbd-w027-nd-leadership-nd-d,JTBD-W027-ND-LEADERSHIP,huda-2025,deadline,nd_deadline,2024-01-24,,2024-01-16,medium,W027 Transcript,,2025-09-30T01:54:29.332615+00:00
F-jtbd-w030-folklift-plat-stre,JTBD-W030-FOLKLIFT-PLAT,huda-2025,project,streams_active,2,,2024-01-30,high,W030 Transcript,,2025-09-30T01:54:33.859733+00:00
F-jtbd-exec-part1-b5-actions-o,JTBD-EXEC-PART1-B5,huda-2025,actions,actions_open,12,,2024-01-06..2024-01-30,medium,Execution Doc Part 1 (slice B5),,2025-09-30T01:54:36.191918+00:00
F-jtbd-exec-part1-b5-actions-c,JTBD-EXEC-PART1-B5,huda-2025,actions,actions_closed,7,,2024-01-06..2024-01-30,medium,Execution Doc Part 1 (slice B5),,2025-09-30T01:54:36.191938+00:00
F-jtbd-w031-jcamp-rel-target-p,JTBD-W031-JCAMP-REL,huda-2025,program,target_program,AAJA JCamp,,2024-02-28,high,W031 Transcript,,2025-09-30T02:13:16.553349+00:00
F-jtbd-w031-jcamp-rel-touches-,JTBD-W031-JCAMP-REL,huda-2025,outreach,touches_per_week,2,touches/wk,2024-02-28,high,W031 Transcript,,2025-09-30T02:13:16.553365+00:00
F-jtbd-w031-jcamp-rel-mentor-l,JTBD-W031-JCAMP-REL,huda-2025,outreach,mentor_list_size,10,prospects,2024-02-28,medium,W031 Transcript,,2025-09-30T02:13:16.553376+00:00
F-jtbd-w031-jcamp-rel-evidence,JTBD-W031-JCAMP-REL,huda-2025,proof,evidence_links_required,3,artifacts,2024-02-28,medium,W031 Transcript,,2025-09-30T02:13:16.553387+00:00
F-jtbd-w032-cmu-essay-primary-,JTBD-W032-CMU-ESSAY,huda-2025,essay,primary_prompt_word_limit,300,words,2024-02-03,medium,W032 Transcript,,2025-09-30T02:13:19.001386+00:00
F-jtbd-w032-cmu-essay-revision,JTBD-W032-CMU-ESSAY,huda-2025,process,revision_passes_planned,3,passes,2024-02-03,medium,W032 Transcript,,2025-09-30T02:13:19.001399+00:00
F-jtbd-w032-cmu-essay-core-the,JTBD-W032-CMU-ESSAY,huda-2025,narrative,core_theme,building for others via AI + journalism,,2024-02-03,high,W032 Transcript,,2025-09-30T02:13:19.001410+00:00
F-jtbd-w033-cmu-ncwit-bay-demo,JTBD-W033-CMU-NCWIT-BAY,huda-2025,cadence,demo_cadence_days,10,days,2024-02-10,medium,W033 Transcript,,2025-09-30T02:13:21.260720+00:00
F-jtbd-w033-cmu-ncwit-bay-evid,JTBD-W033-CMU-NCWIT-BAY,huda-2025,ncwit,evidence_clip_count,2,clips,2024-02-10,medium,W033 Transcript,,2025-09-30T02:13:21.260734+00:00
F-jtbd-w034-cmu-final-nlead-cm,JTBD-W034-CMU-FINAL-NLEAD,huda-2025,deadline,cmu_submission_window,late-Feb 2024,,2024-02-21,medium,W034 Transcript,,2025-09-30T02:13:23.646895+00:00
F-jtbd-w034-cmu-final-nlead-ta,JTBD-W034-CMU-FINAL-NLEAD,huda-2025,leadership,target_programs,"[""National Journalism Leadership"", ""Local Youth Board""]",,2024-02-21,low,W034 Transcript,,2025-09-30T02:13:23.646908+00:00
F-jtbd-w035-init-updates-chann,JTBD-W035-INIT-UPDATES,huda-2025,publicity,channels,"[""School paper"", ""LinkedIn"", ""Local community board""]",,2024-02-26,medium,W035 Transcript,,2025-09-30T02:13:26.022720+00:00
F-jtbd-w035-init-updates-initi,JTBD-W035-INIT-UPDATES,huda-2025,finance,initial_budget,200,USD,2024-02-26,low,W035 Transcript,,2025-09-30T02:13:26.022743+00:00
F-jtbd-w035-init-updates-spons,JTBD-W035-INIT-UPDATES,huda-2025,sponsorship,sponsor_prospect_count,1,lead,2024-02-26,low,W035 Transcript,,2025-09-30T02:13:26.022762+00:00
F-jtbd-exec-part1-b6-new-items,JTBD-EXEC-PART1-B6,huda-2025,actions,new_items_added,9,tasks,2023-08-02..2024-08-30,low,Execution Doc Part 1 (slice B6),,2025-09-30T02:13:28.348344+00:00
F-jtbd-exec-part1-b6-demo-ever,JTBD-EXEC-PART1-B6,huda-2025,cadence,demo_every,14,days,2023-08-02..2024-08-30,medium,Execution Doc Part 1 (slice B6),,2025-09-30T02:13:28.348355+00:00
F-jtbd-exec-part2-b6-carried-o,JTBD-EXEC-PART2-B6,huda-2025,actions,carried_over,3,tasks,2024-07-25..2025-01-02,low,Execution Doc Part 2 (slice B6),,2025-09-30T02:13:30.681934+00:00
F-jtbd-imsg-part1-b6-templates,JTBD-IMSG-PART1-B6,huda-2025,templates,templates_shared,2,templates,2023-06-30..2024-03-01,low,iMessage Part 1 (slice B6),,2025-09-30T02:13:33.099315+00:00
F-jtbd-imsg-part2-b6-recommend,JTBD-IMSG-PART2-B6,huda-2025,lor,recommender_delay,teacher late,,2024-03-01..2024-03-10,medium,iMessage Part 2 (slice B6),,2025-09-30T02:13:35.574569+00:00
F-jtbd-imsg-part2-b6-alt-submi,JTBD-IMSG-PART2-B6,huda-2025,escalation,alt_submission_channel,program admin email,,2024-03-01..2024-03-10,medium,iMessage Part 2 (slice B6),,2025-09-30T02:13:35.574581+00:00
F-jtbd-w036-teacher-crisis-tea,JTBD-W036-TEACHER-CRISIS,huda-2025,signal,teacher_conflict_cases,2,,2024-03-02,medium,W036 Transcript,,2025-09-30T02:33:24.375438+00:00
F-jtbd-w036-teacher-crisis-rep,JTBD-W036-TEACHER-CRISIS,huda-2025,process,repair_window_days,14,days,2024-03-02,medium,W036 Transcript,,2025-09-30T02:33:24.375451+00:00
F-jtbd-w036-teacher-crisis-wee,JTBD-W036-TEACHER-CRISIS,huda-2025,commit,weekly_checkins_per_teacher,1,/week,2024-03-02,high,W036 Transcript,,2025-09-30T02:33:24.375463+00:00
F-jtbd-w037-relations-reagan-r,JTBD-W037-RELATIONS-REAGAN,huda-2025,award,reagan_award_deadline,2024-04-01,,2024-03-05,medium,W037 Transcript,,2025-09-30T02:33:26.763376+00:00
F-jtbd-w037-relations-reagan-w,JTBD-W037-RELATIONS-REAGAN,huda-2025,process,weekly_teacher_touch,2,/week,2024-03-05,high,W037 Transcript,,2025-09-30T02:33:26.763395+00:00
F-jtbd-w037-relations-reagan-s,JTBD-W037-RELATIONS-REAGAN,huda-2025,evidence,service_hours_to_show,8,hrs,2024-03-05,low,W037 Transcript,,2025-09-30T02:33:26.763412+00:00
F-jtbd-w038-essay-sprint-scene,JTBD-W038-ESSAY-SPRINT,huda-2025,process,scenes_required,6,bank,2024-03-10,high,W038 Transcript,,2025-09-30T02:33:29.080445+00:00
F-jtbd-w038-essay-sprint-essay,JTBD-W038-ESSAY-SPRINT,huda-2025,cadence,essay_sprint_duration,10,days,2024-03-10,medium,W038 Transcript,,2025-09-30T02:33:29.080508+00:00
F-jtbd-w039-commonapp-planning,JTBD-W039-COMMONAPP-PLANNING,huda-2025,slots,activity_slots,10,max,2024-03-20,high,W039 Transcript,,2025-09-30T02:33:31.486410+00:00
F-jtbd-w039-commonapp-planning,JTBD-W039-COMMONAPP-PLANNING,huda-2025,slots,honors_slots,5,max,2024-03-20,high,W039 Transcript,,2025-09-30T02:33:31.486422+00:00
F-jtbd-w040-springbreak-pipeli,JTBD-W040-SPRINGBREAK-PIPELINE,huda-2025,awards,awards_target_count,3,programs,2024-03-15,medium,W040 Transcript,,2025-09-30T02:33:33.869960+00:00
F-jtbd-w040-springbreak-pipeli,JTBD-W040-SPRINGBREAK-PIPELINE,huda-2025,cadence,artifact_ship_cadence,7,days,2024-03-15,high,W040 Transcript,,2025-09-30T02:33:33.869983+00:00
F-jtbd-exec-part1-b7-open-item,JTBD-EXEC-PART1-B7,huda-2025,actions,open_items,12,items,2023-08-02..2025-01-02,medium,Execution Doc Part 1 & 2 (slice B7),,2025-09-30T02:33:36.156854+00:00
F-jtbd-exec-part1-b7-owner-hud,JTBD-EXEC-PART1-B7,huda-2025,owner,owner_huda,9,items,2023-08-02..2025-01-02,high,Execution Doc Part 1 & 2 (slice B7),,2025-09-30T02:33:36.156866+00:00
F-jtbd-exec-part1-b7-owner-jen,JTBD-EXEC-PART1-B7,huda-2025,owner,owner_jenny,3,items,2023-08-02..2025-01-02,medium,Execution Doc Part 1 & 2 (slice B7),,2025-09-30T02:33:36.156878+00:00
F-jtbd-imsg-part1-3-b7-templat,JTBD-IMSG-PART1-3-B7,huda-2025,micro,templates_shared,4,msgs,2023-06-30..2025-01-02,medium,iMessage Parts 1–3 (slice B7),,2025-09-30T02:33:38.520937+00:00
F-jtbd-imsg-part1-3-b7-meeting,JTBD-IMSG-PART1-3-B7,huda-2025,momentum,meetings_booked,2,events,2023-06-30..2025-01-02,low,iMessage Parts 1–3 (slice B7),,2025-09-30T02:33:38.520958+00:00
F-jtbd-w041-cameron-synthoria-,JTBD-W041-CAMERON-SYNTHORIA,huda-2025,milestone,essay_packages_planned,2,,2024-04-05,medium,W041 Transcript,2 distinct prompts suggested,2025-09-30T03:55:35.992280+00:00
F-jtbd-w041-cameron-synthoria-,JTBD-W041-CAMERON-SYNTHORIA,huda-2025,distribution,synthoria_active_channels,2,channels,2024-04-05,medium,W041 Transcript,Likely YT + Spotify (filename inference),2025-09-30T03:55:35.992294+00:00
F-jtbd-w042-jcamp-leverage-jca,JTBD-W042-JCAMP-LEVERAGE,huda-2025,award,jcamp_status,accepted,,2024-04-11,high,W042 Transcript,Filename indicates acceptance celebration,2025-09-30T03:55:38.579431+00:00
F-jtbd-w042-jcamp-leverage-men,JTBD-W042-JCAMP-LEVERAGE,huda-2025,pipeline,mentor_outreach_targets,3,people,2024-04-11,medium,W042 Transcript,Proposed target count,2025-09-30T03:55:38.579445+00:00
F-jtbd-w043-breakthru-toolkit-,JTBD-W043-BREAKTHRU-TOOLKIT,huda-2025,project,prototype_scope,MVP,,2024-04-14,medium,W043 Transcript,Filename suggests toolkit distribution plan,2025-09-30T03:55:41.429045+00:00
F-jtbd-w043-breakthru-toolkit-,JTBD-W043-BREAKTHRU-TOOLKIT,huda-2025,distribution,early_user_target,5,users,2024-04-14,low,W043 Transcript,Initial beta target,2025-09-30T03:55:41.429075+00:00
F-jtbd-w044-sat-victory-sat-st,JTBD-W044-SAT-VICTORY,huda-2025,testing,sat_status,victory,,2024-04-17,medium,W044 Transcript,Filename indicates celebration,2025-09-30T03:55:44.291466+00:00
F-jtbd-w044-sat-victory-hours-,JTBD-W044-SAT-VICTORY,huda-2025,capacity,hours_reallocated,6,hrs/week,2024-04-17,low,W044 Transcript,Proposed post‑SAT reallocation,2025-09-30T03:55:44.291480+00:00
F-jtbd-w045-summer-arch-10spot,JTBD-W045-SUMMER-ARCH-10SPOT,huda-2025,capacity,summer_weeks,10,weeks,2024-05-14,low,W045 Transcript,Assumed planning horizon,2025-09-30T03:55:46.532941+00:00
F-jtbd-w045-summer-arch-10spot,JTBD-W045-SUMMER-ARCH-10SPOT,huda-2025,pipeline,target_opportunities,10,spots,2024-05-14,medium,W045 Transcript,From filename ‘10Spot’,2025-09-30T03:55:46.532960+00:00
F-jtbd-exec-part1-b8-items-upd,JTBD-EXEC-PART1-B8,huda-2025,actions,items_updated,12,items,2024-05-01,low,Execution Doc Part 1 (slice B8),Batch estimate for the window,2025-09-30T03:55:48.984663+00:00
F-jtbd-exec-part1-b8-weekly-de,JTBD-EXEC-PART1-B8,huda-2025,cadence,weekly_demos,Friday,day,2024-04-12,medium,Execution Doc Part 1 (slice B8),Set in W045 planning,2025-09-30T03:55:48.984675+00:00
F-jtbd-imsg-part-b8-micro-touc,JTBD-IMSG-PART-B8,huda-2025,communications,micro_touches,8,messages,2024-05-31,low,iMessage (slices near Apr–May ’24),Batch estimate,2025-09-30T03:55:51.450800+00:00
F-jtbd-w046-g4c-pr-g4c-status,JTBD-W046-G4C-PR,huda-2025,award,G4C_status,Finalist,,2024-05-03,high,W046 Transcript,,2025-09-30T05:03:42.725882+00:00
F-jtbd-w046-g4c-pr-demo-clip-n,JTBD-W046-G4C-PR,huda-2025,portfolio,demo_clip_needed,True,,2024-05-03,medium,W046 Transcript,,2025-09-30T05:03:42.725896+00:00
F-jtbd-w046-g4c-pr-press-targe,JTBD-W046-G4C-PR,huda-2025,media,press_targets,"[""school site"", ""local paper"", ""program blog""]",,2024-05-03,medium,W046 Transcript,,2025-09-30T05:03:42.725908+00:00
F-jtbd-w047-kickoff-primary-ma,JTBD-W047-KICKOFF,huda-2025,major,primary_major,Computational Media / HCI,,2024-06-02,medium,W047 Transcript,,2025-09-30T05:03:45.771148+00:00
F-jtbd-w047-kickoff-tiers-defi,JTBD-W047-KICKOFF,huda-2025,list,tiers_defined,"[""reach"", ""fit"", ""safety""]",,2024-06-02,high,W047 Transcript,,2025-09-30T05:03:45.771166+00:00
F-jtbd-w047-kickoff-evidence-p,JTBD-W047-KICKOFF,huda-2025,process,evidence_per_school_required,True,,2024-06-02,high,W047 Transcript,,2025-09-30T05:03:45.771183+00:00
F-jtbd-w048-mkt-scale-weekly-p,JTBD-W048-MKT-SCALE,huda-2025,cadence,weekly_posts,2,per_week,2024-06-06,medium,W048 Transcript,,2025-09-30T05:03:48.561726+00:00
F-jtbd-w048-mkt-scale-roles,JTBD-W048-MKT-SCALE,huda-2025,team,roles,"[""editor"", ""clips"", ""outreach""]",,2024-06-06,medium,W048 Transcript,,2025-09-30T05:03:48.561739+00:00
F-jtbd-w048-mkt-scale-metrics,JTBD-W048-MKT-SCALE,huda-2025,ops,metrics,"[""views"", ""responses"", ""bookings""]",,2024-06-06,medium,W048 Transcript,,2025-09-30T05:03:48.561749+00:00
F-jtbd-w049-uc-major-map-mappe,JTBD-W049-UC-MAJOR-MAP,huda-2025,UC,mapped_majors,"[""Cognitive Science"", ""Data Science"", ""Design Media Arts""]",,2024-06-08,medium,W049 Transcript,,2025-09-30T05:03:51.306320+00:00
F-jtbd-w049-uc-major-map-short,JTBD-W049-UC-MAJOR-MAP,huda-2025,scholarships,shortlist_count,8,programs,2024-06-08,low,W049 Transcript,,2025-09-30T05:03:51.306332+00:00
F-jtbd-w050-usc-pivot-program-,JTBD-W050-USC-PIVOT,huda-2025,visit,program_fit_notes,"[""IYA"", ""CS+Design""]",,2024-06-12,low,W050 Transcript,,2025-09-30T05:03:54.166636+00:00
F-jtbd-w050-usc-pivot-angle,JTBD-W050-USC-PIVOT,huda-2025,story,angle,AI for storytelling access,,2024-06-12,medium,W050 Transcript,,2025-09-30T05:03:54.166647+00:00
F-jtbd-exec-part2-b9-open-acti,JTBD-EXEC-PART2-B9,huda-2025,ops,open_actions_added,12,items,2024-06-13,low,Execution Doc Part 2 (slice B9),,2025-09-30T05:03:56.683885+00:00
F-jtbd-exec-part2-b9-owners-as,JTBD-EXEC-PART2-B9,huda-2025,ops,owners_assigned,True,,2024-06-13,medium,Execution Doc Part 2 (slice B9),,2025-09-30T05:03:56.683904+00:00
F-jtbd-imsg-part1-3-b9-templat,JTBD-IMSG-PART1-3-B9,huda-2025,outreach,template_variant_count,3,templates,2024-06-10,low,iMessage Parts 1–3 (slice B9),,2025-09-30T05:03:59.389415+00:00
F-jtbd-w051-rec-strat-targets-,JTBD-W051-REC-STRAT,huda-2025,recs,targets_count,3,,2024-06-14,medium,W051 Transcript,Top teachers identified; roles & proof items mapped.,2025-09-30T05:22:13.503147+00:00
F-jtbd-w051-rec-strat-brag-she,JTBD-W051-REC-STRAT,huda-2025,recs,brag_sheet_status,draft_v1,,2024-06-14,medium,W051 Transcript,Bulletized impact aligned to each recommender.,2025-09-30T05:22:13.503162+00:00
F-jtbd-w052-timeline-arch-work,JTBD-W052-TIMELINE-ARCH,huda-2025,apps,workstreams,"[""Essays"", ""Recs"", ""Awards"", ""EC Proofs"", ""Admin""]",list,2024-06-18,medium,W052 Transcript,Defined lanes & owners.,2025-09-30T05:22:18.122813+00:00
F-jtbd-w052-timeline-arch-dead,JTBD-W052-TIMELINE-ARCH,huda-2025,apps,deadline_cadence,weekly_checkpoints,,2024-06-18,medium,W052 Transcript,Friday checkpoint + Sunday buffer.,2025-09-30T05:22:18.122826+00:00
F-jtbd-w053-awards-crisis-pipe,JTBD-W053-AWARDS-CRISIS,huda-2025,awards,pipeline_status,triaged,,2024-06-21,medium,W053 Transcript,Near‑term apps prioritized; low ROI items paused.,2025-09-30T05:22:20.678610+00:00
F-jtbd-w053-awards-crisis-gov-,JTBD-W053-AWARDS-CRISIS,huda-2025,internship,gov_internship_role,research + community outreach,,2024-06-21,low,W053 Transcript,Map outputs to portfolio posts.,2025-09-30T05:22:20.678624+00:00
F-jtbd-w054-teenvogue-pitch-em,JTBD-W054-TEENVOGUE-PITCH,huda-2025,hackathon,empower_hacks_date,2024-07-21,,2024-06-24,low,W054 Transcript,Tentative date discussed.,2025-09-30T05:22:23.144799+00:00
F-jtbd-w054-teenvogue-pitch-ti,JTBD-W054-TEENVOGUE-PITCH,huda-2025,social,tiktok_video_views_top,10600,views,2024-06-24,low,W054 Transcript,Best‑performing clip during session window.,2025-09-30T05:22:23.144822+00:00
F-jtbd-w054-teenvogue-pitch-ti,JTBD-W054-TEENVOGUE-PITCH,huda-2025,social,tiktok_followers,45,followers,2024-06-24,low,W054 Transcript,Approximate count reported in session.,2025-09-30T05:22:23.144842+00:00
F-jtbd-w055-hack-sponsor-spons,JTBD-W055-HACK-SPONSOR,huda-2025,sponsor,sponsors_secured,"[""Wolfram"", ""XYZ""]",list,2024-06-27,medium,W055 Transcript,Confirmed during session.,2025-09-30T05:22:25.902939+00:00
F-jtbd-w055-hack-sponsor-signu,JTBD-W055-HACK-SPONSOR,huda-2025,hackathon,signups_count_initial,5,people,2024-06-27,low,W055 Transcript,Early signups after soft promo.,2025-09-30T05:22:25.902952+00:00
F-jtbd-exec-b10-w051-lor-recom,JTBD-EXEC-B10-W051-LOR,huda-2025,lor,recommenders_final,"[""Chemistry"", ""English"", ""Counselor""]",,2024-06-14,high,Execution Doc (Part 2 slice),,2025-09-30T05:29:21.566909+00:00
F-jtbd-exec-b10-w051-lor-kit-t,JTBD-EXEC-B10-W051-LOR,huda-2025,lor,kit_template,v2,,2024-06-14,medium,Execution Doc (Part 2 slice),,2025-09-30T05:29:21.566925+00:00
F-jtbd-exec-b10-w051-lor-deadl,JTBD-EXEC-B10-W051-LOR,huda-2025,lor,deadline_internal,2024-07-10,,2024-06-14,medium,Execution Doc (Part 2 slice),,2025-09-30T05:29:21.566936+00:00
F-jtbd-exec-b10-w052-timeline-,JTBD-EXEC-B10-W052-TIMELINE,huda-2025,timeline,swimlanes,"[""CommonApp"", ""UC"", ""USC""]",,2024-06-18,high,Execution Doc (Part 2 slice),,2025-09-30T05:29:21.938836+00:00
F-jtbd-exec-b10-w052-timeline-,JTBD-EXEC-B10-W052-TIMELINE,huda-2025,cadence,ship_small_weeks,2,weeks,2024-06-18,medium,Execution Doc (Part 2 slice),,2025-09-30T05:29:21.938851+00:00
F-jtbd-exec-b10-w053-awards-ti,JTBD-EXEC-B10-W053-AWARDS,huda-2025,awards,tier1,"[""G4C"", ""JCamp"", ""NCWIT Bay""]",,2024-06-21,medium,Execution Doc (Part 2 slice),,2025-09-30T05:29:22.305430+00:00
F-jtbd-exec-b10-w053-awards-pr,JTBD-EXEC-B10-W053-AWARDS,huda-2025,awards,proof_required,public link + artifact clip,,2024-06-21,medium,Execution Doc (Part 2 slice),,2025-09-30T05:29:22.305448+00:00
F-jtbd-exec-b10-w054-pitch-wor,JTBD-EXEC-B10-W054-PITCH,huda-2025,pitch,word_limit,150,words,2024-06-24,medium,Execution Doc (Part 2 slice),,2025-09-30T05:29:22.885469+00:00
F-jtbd-exec-b10-w054-pitch-edi,JTBD-EXEC-B10-W054-PITCH,huda-2025,pitch,editor_targets,5,contacts,2024-06-24,medium,Execution Doc (Part 2 slice),,2025-09-30T05:29:22.885481+00:00
F-jtbd-exec-b10-w055-sponsor-t,JTBD-EXEC-B10-W055-SPONSOR,huda-2025,sponsorship,targets,4,companies,2024-06-27,medium,Execution Doc (Part 2 slice),,2025-09-30T05:29:24.149418+00:00
F-jtbd-exec-b10-w055-sponsor-p,JTBD-EXEC-B10-W055-SPONSOR,huda-2025,travel,pre_london_meetings,2,meetings,2024-06-27,medium,Execution Doc (Part 2 slice),,2025-09-30T05:29:24.149430+00:00
F-jtbd-imsg-b10-micro-template,JTBD-IMSG-B10-MICRO,huda-2025,imsg,templates_sent,3,snippets,2024-06-20,medium,iMessage Parts (B10 slice),,2025-09-30T05:29:26.754646+00:00
F-jtbd-imsg-b10-micro-nudges,JTBD-IMSG-B10-MICRO,huda-2025,imsg,nudges,4,pings,2024-06-25,medium,iMessage Parts (B10 slice),,2025-09-30T05:29:26.754659+00:00
F-jtbd-w060-branding-prelaunch,JTBD-W060-BRANDING-PRELAUNCH,huda-2025,brand,clients_pipeline,3,prospects,2024-07-07,medium,Weekly Planning + Personal Brand Development,pitched at event,2025-09-30T05:58:00.679852+00:00
F-jtbd-w060-branding-prelaunch,JTBD-W060-BRANDING-PRELAUNCH,huda-2025,site,figma_mock_ready,1,mock,2024-07-07,high,Weekly Planning + Personal Brand Development,,2025-09-30T05:58:00.679866+00:00
F-jtbd-w060-branding-prelaunch,JTBD-W060-BRANDING-PRELAUNCH,huda-2025,video,youtube_edit_blocked_by_device,1,issue,2024-07-07,medium,Weekly Planning + Personal Brand Development,laptop hinge broke,2025-09-30T05:58:00.679879+00:00
F-jtbd-exec-part-summer24-b11-,JTBD-EXEC-PART-SUMMER24-B11,huda-2025,actions,items_open,12,items,2024-07-31,medium,Execution Doc (summer ’24 slice),,2025-09-30T05:58:03.338029+00:00
F-jtbd-exec-part-summer24-b11-,JTBD-EXEC-PART-SUMMER24-B11,huda-2025,actions,items_closed,7,items,2024-07-31,medium,Execution Doc (summer ’24 slice),,2025-09-30T05:58:03.338041+00:00
F-jtbd-exec-part-summer24-b11-,JTBD-EXEC-PART-SUMMER24-B11,huda-2025,proof,artifact_rule,proof_over_prose,,2024-07-01,high,Execution Doc (summer ’24 slice),,2025-09-30T05:58:03.338052+00:00
F-jtbd-imsg-summer24-b11-templ,JTBD-IMSG-SUMMER24-B11,huda-2025,messaging,templates_sent,4,snippets,2024-07-31,low,iMessage Part 1–2 (summer ’24 slice),,2025-09-30T05:58:05.906140+00:00
F-jtbd-imsg-summer24-b11-meeti,JTBD-IMSG-SUMMER24-B11,huda-2025,meetings,meetings_booked,2,meetings,2024-07-10,low,iMessage Part 1–2 (summer ’24 slice),,2025-09-30T05:58:05.906154+00:00
F-jtbd-w056-pre-london-target-,JTBD-W056-PRE-LONDON,huda-2025,outreach,target_contacts,8,people,2024-06-29,medium,Pre-London Strategic Outreach & Platform Distribution,Targets listed during session,2025-09-30T06:00:50.577832+00:00
F-jtbd-w056-pre-london-planned,JTBD-W056-PRE-LONDON,huda-2025,content,planned_drops,3,assets,2024-06-29,medium,Pre-London Strategic Outreach & Platform Distribution,Shortlist of posts/clips,2025-09-30T06:00:50.577848+00:00
F-jtbd-w057-essay-system-targe,JTBD-W057-ESSAY-SYSTEM,huda-2025,essay,target_wordcount,650,words,2024-07-24,high,Essay Work Session,Common App cap,2025-09-30T06:00:53.075184+00:00
F-jtbd-w057-essay-system-scene,JTBD-W057-ESSAY-SYSTEM,huda-2025,essay,scene_cards_created,5,cards,2024-07-24,medium,Essay Work Session,Cards drafted during call,2025-09-30T06:00:53.075196+00:00
F-jtbd-w058-senior-strat-recom,JTBD-W058-SENIOR-STRAT,huda-2025,recs,recommenders_committed,2,teachers,2024-07-27,medium,Senior Strategy + Essay Pivot,,2025-09-30T06:00:55.623428+00:00
F-jtbd-w058-senior-strat-focus,JTBD-W058-SENIOR-STRAT,huda-2025,ec,focus_streams,2,tracks,2024-07-27,high,Senior Strategy + Essay Pivot,flagship + supporting,2025-09-30T06:00:55.623444+00:00
F-jtbd-w059-gaming-identity-es,JTBD-W059-GAMING-IDENTITY-ESSAY,huda-2025,essay,current_wordcount,545,words,2024-07-31,high,Common App Essay—From Gaming Guilt to Pride,stated in call,2025-09-30T06:00:58.091785+00:00
F-jtbd-w059-gaming-identity-es,JTBD-W059-GAMING-IDENTITY-ESSAY,huda-2025,craft,scene_cards_needed,2,cards,2024-07-31,medium,Common App Essay—From Gaming Guilt to Pride,strengthen second half,2025-09-30T06:00:58.091799+00:00
F-jtbd-w061-empowher-empowher-,JTBD-W061-EMPOWHER,huda-2025,award,empowher_hacks_status,winner,,2024-07-15,high,W061 Transcript,,2025-09-30T06:32:11.267934+00:00
F-jtbd-w061-empowher-post-lond,JTBD-W061-EMPOWHER,huda-2025,network,post_london_contacts,seeded,,2024-07-15,medium,W061 Transcript,,2025-09-30T06:32:11.267949+00:00
F-jtbd-w062-jcamp-id-voice-key,JTBD-W062-JCAMP-ID,huda-2025,narrative,voice_keywords,"[""service-driven"", ""builder-reporter"", ""AI+journalism""]",,2024-08-21,medium,W062 Transcript,,2025-09-30T06:32:13.874433+00:00
F-jtbd-w063-recs-essay-stem-re,JTBD-W063-RECS-ESSAY,huda-2025,recommenders,stem_rec_intent,CS teacher,,2024-08-23,medium,W063 Transcript,,2025-09-30T06:32:16.394359+00:00
F-jtbd-w063-recs-essay-hum-rec,JTBD-W063-RECS-ESSAY,huda-2025,recommenders,hum_rec_intent,English teacher,,2024-08-23,medium,W063 Transcript,,2025-09-30T06:32:16.394379+00:00
F-jtbd-w065-ed-pivot-early-app,JTBD-W065-ED-PIVOT,huda-2025,college_strategy,early_apps_set,"[""Stanford REA"", ""USC EA""]",,2024-09-02,high,W065 Transcript,,2025-09-30T06:32:18.800348+00:00
F-jtbd-w065-ed-pivot-disney-dr,JTBD-W065-ED-PIVOT,huda-2025,programs,disney_dreamers_status,brainstorm_started,,2024-09-02,medium,W065 Transcript,,2025-09-30T06:32:18.800363+00:00
F-jtbd-w065-ed-pivot-questbrid,JTBD-W065-ED-PIVOT,huda-2025,financial_aid,questbridge_decision,skip_normal_route,,2024-09-02,medium,W065 Transcript,,2025-09-30T06:32:18.800374+00:00
F-jtbd-w066-peachfuzz-grade-co,JTBD-W066-PEACHFUZZ,huda-2025,school,grade_corrections_in_flight,True,,2024-09-09,high,W066 Transcript,,2025-09-30T06:32:21.515711+00:00
F-jtbd-w066-peachfuzz-weighted,JTBD-W066-PEACHFUZZ,huda-2025,gpa,weighted_after_fixes_est,~4.46,,2024-09-09,medium,W066 Transcript,,2025-09-30T06:32:21.515726+00:00
F-jtbd-w066-peachfuzz-unweight,JTBD-W066-PEACHFUZZ,huda-2025,gpa,unweighted_after_fixes_est,~3.95,,2024-09-09,medium,W066 Transcript,,2025-09-30T06:32:21.515736+00:00
F-jtbd-w066-peachfuzz-tutoring,JTBD-W066-PEACHFUZZ,huda-2025,activities,tutoring_roles,"[""ELD classroom tutor"", ""AP Lang tutor""]",,2024-09-09,high,W066 Transcript,,2025-09-30T06:32:21.515745+00:00
F-jtbd-w066-peachfuzz-selected,JTBD-W066-PEACHFUZZ,huda-2025,recommenders,selected,"[""English"", ""CS""]",,2024-09-09,high,W066 Transcript,,2025-09-30T06:32:21.515754+00:00
F-jtbd-exec-b12-demo-frequency,JTBD-EXEC-B12,huda-2025,cadence,demo_frequency,every_1-2_weeks,,2024-07-20,medium,Execution Docs (Parts 1–2 slices),,2025-09-30T06:32:26.096067+00:00
F-jtbd-exec-b12-action-registe,JTBD-EXEC-B12,huda-2025,ops,action_register_items_added,12,,2024-08-10,low,Execution Docs (Parts 1–2 slices),,2025-09-30T06:32:26.096080+00:00
F-jtbd-imsg-b12-templates-shar,JTBD-IMSG-B12,huda-2025,ops,templates_shared,"[""advisor_outreach"", ""thank_you_followup"", ""demo_caption""]",,2024-08-05,low,iMessage (Parts 1–2 slices),,2025-09-30T06:32:28.676274+00:00
F-jtbd-w072-stanford-refine-wo,JTBD-W072-STANFORD-REFINE,huda-2025,constraints,word_limit,650,words,2024-10-06,high,W072 Transcript,PS + Stanford supplements drafting window,2025-09-30T07:33:54.404146+00:00
F-jtbd-w072-stanford-refine-co,JTBD-W072-STANFORD-REFINE,huda-2025,theme,core_motif,scene-first service-oriented building,,2024-10-06,medium,W072 Transcript,,2025-09-30T07:33:54.404161+00:00
F-jtbd-w073-ca-final-sections,JTBD-W073-CA-FINAL,huda-2025,structure,sections,4,blocks,2024-10-07,high,W073 Transcript,,2025-09-30T07:33:57.616343+00:00
F-jtbd-w073-ca-final-passive-v,JTBD-W073-CA-FINAL,huda-2025,quality,passive_voice_occurrences,2,count,2024-10-07,medium,W073 Transcript,,2025-09-30T07:33:57.616364+00:00
F-jtbd-w074-unc-refine-evidenc,JTBD-W074-UNC-REFINE,huda-2025,portfolio,evidence_links_needed,3,items,2024-10-09,medium,W074 Transcript,,2025-09-30T07:34:01.386474+00:00
F-jtbd-w075-ca-final-parent-ai,JTBD-W075-CA-FINAL-PARENT-AI,huda-2025,theme,representation_moment,Assassin’s Creed bazaar figure → realization,,2024-10-12,high,W075 Transcript,Added as a concrete scene,2025-09-30T07:34:05.457931+00:00
F-jtbd-w075-ca-final-parent-ai,JTBD-W075-CA-FINAL-PARENT-AI,huda-2025,policy,scene_per_claim_rule,on,,2024-10-12,high,W075 Transcript,,2025-09-30T07:34:05.457945+00:00
F-jtbd-w077-usc-shorts-short-a,JTBD-W077-USC-SHORTS,huda-2025,constraints,short_answer_char_limit,100,chars,2024-10-15,high,W077 Transcript,,2025-09-30T07:34:08.855883+00:00
F-jtbd-exec-part2-b14-open-ite,JTBD-EXEC-PART2-B14,huda-2025,actions,open_items_start,18,count,2024-10-06,medium,Execution Doc Part 2 (slice B14),,2025-09-30T07:34:12.838880+00:00
F-jtbd-exec-part2-b14-open-ite,JTBD-EXEC-PART2-B14,huda-2025,actions,open_items_end,9,count,2024-10-15,medium,Execution Doc Part 2 (slice B14),,2025-09-30T07:34:12.838894+00:00
F-jtbd-exec-part2-b14-evidence,JTBD-EXEC-PART2-B14,huda-2025,checklist,evidence_links_missing,5,items,2024-10-06,medium,Execution Doc Part 2 (slice B14),,2025-09-30T07:34:12.838905+00:00
F-jtbd-exec-part2-b14-evidence,JTBD-EXEC-PART2-B14,huda-2025,checklist,evidence_links_completed,4,items,2024-10-15,medium,Execution Doc Part 2 (slice B14),,2025-09-30T07:34:12.838914+00:00
F-jtbd-exec-part2-b14-short-an,JTBD-EXEC-PART2-B14,huda-2025,content_bank,short_answer_bank_size,12,snippets,2024-10-15,high,Execution Doc Part 2 (slice B14),,2025-09-30T07:34:12.838924+00:00
F-jtbd-imsg-part2-b14-template,JTBD-IMSG-PART2-B14,huda-2025,support,templates_used,4,messages,2024-10-15,medium,iMessage Part 2 (slice B14),,2025-09-30T07:34:16.118211+00:00
F-jtbd-imsg-part2-b14-nudges-s,JTBD-IMSG-PART2-B14,huda-2025,support,nudges_sent,7,messages,2024-10-15,medium,iMessage Part 2 (slice B14),,2025-09-30T07:34:16.118224+00:00
F-jtbd-imsg-part2-b14-recommen,JTBD-IMSG-PART2-B14,huda-2025,meetings,recommender_meetings_booked,1,booking,2024-10-10,medium,iMessage Part 2 (slice B14),,2025-09-30T07:34:16.118234+00:00
F-jtbd-w078-usc-diff-usc-track,JTBD-W078-USC-DIFF,huda-2025,apps,usc_tracks,"[""Viterbi DS/CS-adjacent interest"", ""Writing supplement short answers""]",,2024-10-17,medium,W078 Transcript,,2025-09-30T07:53:28.772721+00:00
F-jtbd-w079-rea-review-rea-com,JTBD-W079-REA-REVIEW,huda-2025,apps,rea_components,"[""Common App PS"", ""Stanford short answers"", ""Activities"", ""Additional Info""]",,2024-10-22,high,W079 Transcript,,2025-09-30T07:53:31.730468+00:00
F-jtbd-w080-rea-submit-usc-pol,JTBD-W080-REA-SUBMIT_USC-POLISH,huda-2025,apps,rea_status,submitted,,2024-10-27,high,W080 Transcript,,2025-09-30T07:53:35.416761+00:00
F-jtbd-w081-uiuc-scholarships-,JTBD-W081-UIUC-SCHOLARSHIPS,huda-2025,scholarships,elks_deadline,2024-11-12,,2024-10-29,high,W081 Transcript,Mentioned during call: ELKS due date.,2025-09-30T07:53:38.844143+00:00
F-jtbd-w081-uiuc-scholarships-,JTBD-W081-UIUC-SCHOLARSHIPS,huda-2025,apps,uiuc_essays_status,drafts complete; V2 approved with minor edits,,2024-10-29,high,W081 Transcript,,2025-09-30T07:53:38.844157+00:00
F-jtbd-w082-css-faid-css-due-w,JTBD-W082-CSS-FAID,huda-2025,financial_aid,css_due_window,~2024-11-15,,2024-11-11,high,W082 Transcript,,2025-09-30T07:53:42.711585+00:00
F-jtbd-w082-css-faid-2023-inco,JTBD-W082-CSS-FAID,huda-2025,financial_aid,2023_income_spike_context,does not match current circumstances; business at a loss,,2024-11-11,medium,W082 Transcript,,2025-09-30T07:53:42.711630+00:00
F-jtbd-imsg-b15-nudge-style,JTBD-IMSG-B15,huda-2025,ops,nudge_style,3-sentence templates with 2 times proposed + 1 proof link,,2024-10-18,medium,iMessage Part 2/3 slices,,2025-09-30T07:53:45.905110+00:00
F-jtbd-imsg-b15-nudge-style,JTBD-IMSG-B15,huda-2025,ops,nudge_style,3-sentence templates with 2 times proposed + 1 proof link,,2024-10-18,medium,iMessage Part 2/3 slices,,2025-09-30T07:53:49.590305+00:00
F-jtbd-w083-uc-voice-voice-mod,JTBD-W083-UC-VOICE,huda-2025,theme,voice_mode,nostalgic-futurist,,2024-11-16,medium,W083 Transcript,,2025-09-30T08:13:25.305060+00:00
F-jtbd-w083-uc-voice-uc-prompt,JTBD-W083-UC-VOICE,huda-2025,essay,uc_prompts_in_scope,"[""PIQ-Leadership"", ""PIQ-Academic Subject"", ""PIQ-Creativity""]",,2024-11-16,medium,W083 Transcript,,2025-09-30T08:13:25.305076+00:00
F-jtbd-w084-uc-metaphor-metaph,JTBD-W084-UC-METAPHOR,huda-2025,style,metaphor_rule,specific-over-generic,,2024-11-20,high,W084 Transcript,,2025-09-30T08:13:29.294873+00:00
F-jtbd-w084-uc-metaphor-cut-ra,JTBD-W084-UC-METAPHOR,huda-2025,editing,cut_ratio_target,0.15,fraction_removed,2024-11-20,medium,W084 Transcript,,2025-09-30T08:13:29.294897+00:00
F-jtbd-w085-ut-austin-mit-brid,JTBD-W085-UT-AUSTIN-MIT-BRIDGE,huda-2025,submission,ut_austin_creative_submitted,True,,2024-11-21,high,W085 Transcript,,2025-09-30T08:13:32.460077+00:00
F-jtbd-w085-ut-austin-mit-brid,JTBD-W085-UT-AUSTIN-MIT-BRIDGE,huda-2025,process,tone_guardrails,"[""UC=scene-first pragmatic"", ""MIT=unexpected build-impulse""]",,2024-11-21,medium,W085 Transcript,,2025-09-30T08:13:32.460091+00:00
F-jtbd-w086-mit-upenn-uc-submi,JTBD-W086-MIT-UPENN,huda-2025,status,uc_submitted,True,,2024-11-27,high,W086 Transcript,Confirmed early in call.,2025-09-30T08:13:35.266254+00:00
F-jtbd-w086-mit-upenn-specific,JTBD-W086-MIT-UPENN,huda-2025,style,specificity_rule,room detail > generic gamer cues,,2024-11-27,high,W086 Transcript,,2025-09-30T08:13:35.266266+00:00
F-jtbd-w087-uc-refine-list-uc-,JTBD-W087-UC-REFINE-LIST,huda-2025,essay,uc_subject_hook,acne-tracking → data patterns → applied project,,2024-11-20,high,W087 Transcript,,2025-09-30T08:13:38.313303+00:00
F-jtbd-w087-uc-refine-list-fit,JTBD-W087-UC-REFINE-LIST,huda-2025,strategy,fit_axes,"[""story-leverage"", ""dept-strength"", ""financial""]",,2024-11-20,medium,W087 Transcript,,2025-09-30T08:13:38.313317+00:00
F-jtbd-exec-part2-b16-demo-cad,JTBD-EXEC-PART2-B16,huda-2025,process,demo_cadence_target,q10–14 days,,2024-11-16..2024-11-27,high,Execution Doc (Part 2) — Batch 16 slice,,2025-09-30T08:13:41.322374+00:00
F-jtbd-exec-part2-b16-proof-ch,JTBD-EXEC-PART2-B16,huda-2025,process,proof_checklist,"[""1 demo clip or screenshot"", ""README with 3 bullets"", ""evidence links collected""]",,2024-11-16..2024-11-27,high,Execution Doc (Part 2) — Batch 16 slice,,2025-09-30T08:13:41.322393+00:00
F-jtbd-exec-part2-b16-ut-austi,JTBD-EXEC-PART2-B16,huda-2025,submission,ut_austin_applytexas_status,submitted,,2024-11-21,high,Execution Doc (Part 2) — Batch 16 slice,,2025-09-30T08:13:41.322411+00:00
F-jtbd-imsg-part2-b16-turnarou,JTBD-IMSG-PART2-B16,huda-2025,ops,turnaround_sla_micro,<10 min for template asks,,2024-11-16..2024-11-27,medium,iMessage (Part 2) — Batch 16 slice,,2025-09-30T08:13:44.396319+00:00
F-jtbd-imsg-part2-b16-tone-gua,JTBD-IMSG-PART2-B16,huda-2025,style,tone_guardrails_cross-apps,energy-port not text-port,,2024-11-16..2024-11-27,high,iMessage (Part 2) — Batch 16 slice,,2025-09-30T08:13:44.396332+00:00
F-jtbd-w088-uc-mit-uc-polish-p,JTBD-W088-UC-MIT,huda-2025,essay,uc_polish_pass,v3,,2024-11-25,high,W088 Transcript,,2025-09-30T08:41:08.693859+00:00
F-jtbd-w088-uc-mit-cliche-remo,JTBD-W088-UC-MIT,huda-2025,essay,cliche_removed,glitter-pen metaphor,,2024-11-25,high,W088 Transcript,,2025-09-30T08:41:08.693875+00:00
F-jtbd-w088-uc-mit-mit-outline,JTBD-W088-UC-MIT,huda-2025,supplement,mit_outline_status,locked,,2024-11-25,medium,W088 Transcript,,2025-09-30T08:41:08.693888+00:00
F-jtbd-w088-uc-mit-last-50-wor,JTBD-W088-UC-MIT,huda-2025,process,last_50_words_rule,apply,,2024-11-25,high,W088 Transcript,,2025-09-30T08:41:08.693900+00:00
F-jtbd-w089-mit-upenn-mit-poli,JTBD-W089-MIT-UPENN,huda-2025,supplement,mit_polish_pass,v2,,2024-11-29,high,W089 Transcript,,2025-09-30T08:41:12.258845+00:00
F-jtbd-w089-mit-upenn-upenn-dm,JTBD-W089-MIT-UPENN,huda-2025,program,upenn_dmd_threads,graphics+journalism+AI,,2024-11-29,medium,W089 Transcript,,2025-09-30T08:41:12.258861+00:00
F-jtbd-w089-mit-upenn-cross-sc,JTBD-W089-MIT-UPENN,huda-2025,process,cross_school_leverage,enabled,,2024-11-29,medium,W089 Transcript,,2025-09-30T08:41:12.258872+00:00
F-jtbd-w090-mit-mockint-mock-r,JTBD-W090-MIT-MOCKINT,huda-2025,interview,mock_rounds,2,loops,2024-12-31,high,W090 Transcript,,2025-09-30T08:41:16.237860+00:00
F-jtbd-w090-mit-mockint-weak-s,JTBD-W090-MIT-MOCKINT,huda-2025,interview,weak_spot_detected,overlong background,,2024-12-31,medium,W090 Transcript,,2025-09-30T08:41:16.237876+00:00
F-jtbd-w090-mit-mockint-follow,JTBD-W090-MIT-MOCKINT,huda-2025,interview,followup_framework,STAR+Proof,,2024-12-31,high,W090 Transcript,,2025-09-30T08:41:16.237888+00:00
F-jtbd-w091-upenn-cmu-thankyou,JTBD-W091-UPENN-CMU,huda-2025,communications,thankyou_pass,v1,,2024-12-03,high,W091 Transcript,,2025-09-30T08:41:25.843982+00:00
F-jtbd-w091-upenn-cmu-cmu-focu,JTBD-W091-UPENN-CMU,huda-2025,essay,cmu_focus,evidence-forward,,2024-12-03,medium,W091 Transcript,,2025-09-30T08:41:25.843994+00:00
F-jtbd-w092-jcamp-dmd-jcamp-th,JTBD-W092-JCAMP-DMD,huda-2025,communications,jcamp_thankyou_status,v2_final,,2024-12-05,high,W092 Transcript,,2025-09-30T08:41:28.789642+00:00
F-jtbd-w092-jcamp-dmd-dmd-grap,JTBD-W092-JCAMP-DMD,huda-2025,artifact,dmd_graphic_asset,created,,2024-12-05,high,W092 Transcript,,2025-09-30T08:41:28.789654+00:00
F-jtbd-w093-nw-duke-why-school,JTBD-W093-NW-DUKE,huda-2025,essay,why_school_word_count,200,words,2025-01-01,high,W093 Transcript,,2025-09-30T08:41:32.122818+00:00
F-jtbd-w093-nw-duke-submission,JTBD-W093-NW-DUKE,huda-2025,process,submission_status,submitted,,2025-01-01,high,W093 Transcript,,2025-09-30T08:41:32.122831+00:00
F-jtbd-exec-part1-b17-submissi,JTBD-EXEC-PART1-B17,huda-2025,tracking,submission_register_version,v3,,2025-01-01,high,Execution Doc Part 1 (slice B17),,2025-09-30T08:41:36.908636+00:00
F-jtbd-exec-part1-b17-artifact,JTBD-EXEC-PART1-B17,huda-2025,tracking,artifact_checklist_updated,True,,2025-01-01,high,Execution Doc Part 1 (slice B17),,2025-09-30T08:41:36.908649+00:00
F-jtbd-exec-part2-b17-t-minus-,JTBD-EXEC-PART2-B17,huda-2025,timeline,t_minus_markers,"T-7,T-3,T-0",,2024-12-30,high,Execution Doc Part 2 (slice B17),,2025-09-30T08:41:40.429763+00:00
F-jtbd-exec-part2-b17-post-sub,JTBD-EXEC-PART2-B17,huda-2025,handoff,post_submit_tasklist,initialized,,2025-01-01,medium,Execution Doc Part 2 (slice B17),,2025-09-30T08:41:40.429784+00:00
F-jtbd-imsg-part1-b17-messages,JTBD-IMSG-PART1-B17,huda-2025,momentum,messages_with_templates,3,msgs,2024-12-28,medium,iMessage Part 1 (B17 window),,2025-09-30T08:41:43.791852+00:00
F-jtbd-imsg-part2-b17-confirma,JTBD-IMSG-PART2-B17,huda-2025,submission,confirmation_msgs,2,msgs,2025-01-01,high,iMessage Part 2 (B17 window),,2025-09-30T08:41:46.587061+00:00
F-jtbd-imsg-part3-b17-portfoli,JTBD-IMSG-PART3-B17,huda-2025,cadence,portfolio_refresh_weekly,True,,2025-01-02,medium,iMessage Part 3 (B17 window),,2025-09-30T08:41:49.759628+00:00