jtbd_id,student_id,phase,week,category,subcategory,jtbd_title,jtbd_desc,importance,status,source_type,source_title,source_date,source_file,source_link,primary_artifact_link,primary_artifact_type,artifact_1_link,artifact_1_type,artifact_2_link,artifact_2_type,tags,created_ts,updated_ts
JTBD-AS-0001,huda-2025,P1,1,interests,,"Surface interest clusters (AI, journalism, games/design)",Map interest clusters to guide EC & project choices; strong AI & journalism signals.,critical,done,TRANS-RAW,Assessment Call,2023-06-21,2023-06-21_W001_P1-FOUNDATION_TRANS-RAW_HudaJennyGamePlanGmt20230728.pdf,,https://drive.google.com/file/d/1utJiaAmzG6HMfjcPeLbs_0OyFtKhWfym/view?usp=drivesdk,jsonl,,,,,"AI,journalism,games,design",2025-09-28T23:02:44.205420+00:00,2025-09-28T23:02:44.205456+00:00
JTBD-AS-0002,huda-2025,P1,1,ec_inventory,,Inventory current ECs & time spent,Capture clubs/activities and approximate hours as a baseline.,critical,done,TRANS-RAW,Assessment Call,2023-06-21,2023-06-21_W001_P1-FOUNDATION_TRANS-RAW_HudaJennyGamePlanGmt20230728.pdf,,https://drive.google.com/file/d/1utJiaAmzG6HMfjcPeLbs_0OyFtKhWfym/view?usp=drivesdk,jsonl,,,,,"EC,hours,baseline",2025-09-28T23:02:44.474177+00:00,2025-09-28T23:02:44.474181+00:00
JTBD-AS-0003,huda-2025,P1,1,awards,,Identify early award opportunities,List award programs aligned to skills & narrative; NCWIT detected in discussion.,critical,done,TRANS-RAW,Assessment Call,2023-06-21,2023-06-21_W001_P1-FOUNDATION_TRANS-RAW_HudaJennyGamePlanGmt20230728.pdf,,https://drive.google.com/file/d/1utJiaAmzG6HMfjcPeLbs_0OyFtKhWfym/view?usp=drivesdk,jsonl,,,,,"awards,NCWIT,early",2025-09-28T23:02:44.747712+00:00,2025-09-28T23:02:44.747715+00:00
JTBD-AS-0004,huda-2025,P1,1,sat,,Clarify testing plan starter,Establish baseline testing plan & timing; SAT references present.,critical,done,TRANS-RAW,Assessment Call,2023-06-21,2023-06-21_W001_P1-FOUNDATION_TRANS-RAW_HudaJennyGamePlanGmt20230728.pdf,,https://drive.google.com/file/d/1utJiaAmzG6HMfjcPeLbs_0OyFtKhWfym/view?usp=drivesdk,jsonl,,,,,"SAT,testing-plan",2025-09-28T23:02:45.428691+00:00,2025-09-28T23:02:45.428695+00:00
JTBD-GP-0001,huda-2025,P1,0,sat,,Set SAT target and study cadence,Establish a concrete SAT target and define the weekly study rhythm (vitals-first).,critical,done,GAMEPLAN,GamePlan Report,2025-06-22,Huda_Assessment_Gameplan_Report_2025-06-22_Jenny_v1.pdf,,https://drive.google.com/file/d/1UPhSy0nxL52plCGk1-QlrKfW6lsdbFyL/view?usp=drivesdk,jsonl,,,,,"SAT,cadence,vitals-first",2025-09-28T23:02:47.528704+00:00,2025-09-28T23:02:47.528724+00:00
JTBD-GP-0002,huda-2025,P1,0,awards,,Select priority awards to target,"Choose a short-list of high-signal awards to pursue early (e.g., NCWIT).",critical,done,GAMEPLAN,GamePlan Report,2025-06-22,Huda_Assessment_Gameplan_Report_2025-06-22_Jenny_v1.pdf,,https://drive.google.com/file/d/1UPhSy0nxL52plCGk1-QlrKfW6lsdbFyL/view?usp=drivesdk,jsonl,,,,,"awards,prioritize,NCWIT",2025-09-28T23:02:47.730886+00:00,2025-09-28T23:02:47.730908+00:00
JTBD-GP-0003,huda-2025,P1,0,ec_strategy,,Define EC ladder (roles → scope → impact),"Draft a stepwise extracurricular ladder: scope growth, leadership, measurable impact.",critical,done,GAMEPLAN,GamePlan Report,2025-06-22,Huda_Assessment_Gameplan_Report_2025-06-22_Jenny_v1.pdf,,https://drive.google.com/file/d/1UPhSy0nxL52plCGk1-QlrKfW6lsdbFyL/view?usp=drivesdk,jsonl,,,,,"EC,ladder,impact",2025-09-28T23:02:47.962969+00:00,2025-09-28T23:02:47.962974+00:00
JTBD-GP-0004,huda-2025,P1,0,capacity_planning,,Block weekly capacity & schedule,"Allocate weekly hours across SAT, ECs, projects, and recovery; capture time blocks.",critical,done,GAMEPLAN,GamePlan Report,2025-06-22,Huda_Assessment_Gameplan_Report_2025-06-22_Jenny_v1.pdf,,https://drive.google.com/file/d/1UPhSy0nxL52plCGk1-QlrKfW6lsdbFyL/view?usp=drivesdk,jsonl,,,,,"schedule,hours,capacity",2025-09-28T23:02:48.193756+00:00,2025-09-28T23:02:48.193762+00:00
JTBD-GP-0005,huda-2025,P1,0,project_strategy,,Frame flagship AI project concept,Identify a flagship AI/x project aligned to interests and community value.,critical,done,GAMEPLAN,GamePlan Report,2025-06-22,Huda_Assessment_Gameplan_Report_2025-06-22_Jenny_v1.pdf,,https://drive.google.com/file/d/1UPhSy0nxL52plCGk1-QlrKfW6lsdbFyL/view?usp=drivesdk,jsonl,,,,,"AI,project,flagship",2025-09-28T23:02:48.435215+00:00,2025-09-28T23:02:48.435221+00:00
JTBD-GP-0006,huda-2025,P1,0,narrative,,Shape narrative & portfolio scaffolding,Draft early narrative scaffolding and artifacts to support the application story.,critical,done,GAMEPLAN,GamePlan Report,2025-06-22,Huda_Assessment_Gameplan_Report_2025-06-22_Jenny_v1.pdf,,https://drive.google.com/file/d/1UPhSy0nxL52plCGk1-QlrKfW6lsdbFyL/view?usp=drivesdk,jsonl,,,,,"narrative,portfolio",2025-09-28T23:02:48.693852+00:00,2025-09-28T23:02:48.693857+00:00
JTBD-EC-FINAL-0001,huda-2025,P4,79,ec_final,commonapp_submission,Consolidate final ECs for submission,"Normalize and lock the activities list (names, roles) used in college applications.",critical,done,APP-DOC,Final ECs & Awards (PreFinal),2024-12-15,Huda - Internal - PreFinal - EC and Award list Submitted .pdf,,https://drive.google.com/file/d/14BG_q7BVdDP-gJeki_VP4N1Mu5m9F419/view?usp=drivesdk,jsonl,,,,,"EC,final,submission",2025-09-29T03:54:45.408938+00:00,2025-09-29T03:54:45.408959+00:00
JTBD-HONORS-FINAL-0001,huda-2025,P4,80,honors_final,commonapp_submission,Consolidate final Honors/Awards for submission,Normalize and lock the honors/awards list used in college applications.,critical,done,APP-DOC,Final ECs & Awards (PreFinal),2024-12-15,Huda - Internal - PreFinal - EC and Award list Submitted .pdf,,https://drive.google.com/file/d/1LhFZd0hQF_0CDQL32QKl_x9ZaBmbGHaI/view?usp=drivesdk,jsonl,,,,,"honors,awards,final",2025-09-29T03:54:47.471702+00:00,2025-09-29T03:54:47.471733+00:00
JTBD-ADM-0001,huda-2025,P5,,admissions_final,college_list,Consolidate final college outcomes & attending,Normalize final decisions per school and record the attending institution.,critical,done,ADMISSIONS,Final College List & Decisions,,huda-final-college-list-and-decisions - huda-college-list.csv,,https://drive.google.com/file/d/16IKiXLBXpuJLJNUkQ3Wnm9my6GvyzwkY/view?usp=drivesdk,jsonl,,,,,"admissions,outcomes,attending",2025-09-29T19:07:51.375100+00:00,2025-09-29T19:07:51.375124+00:00
JTBD-CA-0001,huda-2025,P4,80,commonapp_final,testing_and_profile,Lock Common App testing & profile facts used in submissions,"Capture tested SAT sections, AP scores, and administrative flags (e.g., fee waiver intent).",important,done,APP-DOC,Common App - UNC (Final Submitted),2024-11-01,Huda - Common App - UNC College Application Final Submitted .docx,,https://drive.google.com/file/d/1YFMqQBsiBZoa3hiuGLOrrEnBRNmybgTY/view?usp=drivesdk,jsonl,,,,,"commonapp,testing,profile",2025-09-29T19:07:53.493026+00:00,2025-09-29T19:07:53.493046+00:00
JTBD-W001-168H-PLAN,huda-2025,P1,1,capacity_planning,168h,Stand up first 168-hour schedule,"Co-create a realistic weekly template allocating SAT, ECs, projects, school, and recovery.",critical,done,TRANS-RAW,W001 Transcript (execution slice),,2023-06-21_W001_P1-FOUNDATION_TRANS-RAW_HudaJennyGamePlanGmt20230728.pdf,,https://drive.google.com/file/d/1cLR_AdUBSeCdrkJeann5FrxKNOPTjLp0/view?usp=drivesdk,jsonl,,,,,"168h,schedule,capacity,cadence",2025-09-29T20:29:04.036342+00:00,2025-09-29T20:29:04.036364+00:00
JTBD-W002-168H-ITER,huda-2025,P1,2,capacity_planning,iteration,Iterate 168h schedule with friction fixes,"Adjust template using observed friction, anchor SAT in peak-focus times, add recovery buffers.",critical,done,TRANS-RAW,W002 Transcript,,2023-06-26_W002_P1-FOUNDATION_TRANS-RAW_168hourCoachingFrameworkIntroduction.pdf,,https://drive.google.com/file/d/1HRtA8EZrhjh4tq6trAyb4AG1ZeoIoCLW/view?usp=drivesdk,jsonl,,,,,"168h,iteration,buffers,peak-focus",2025-09-29T20:29:06.738984+00:00,2025-09-29T20:29:06.739004+00:00
JTBD-W003-GOALS,huda-2025,P1,3,goals,milestones,Lock week-by-week goals for SAT & EC ladder,Define 2–3 measurable weekly outputs for SAT practice and EC ladder steps.,critical,done,TRANS-RAW,W003 Transcript,,2023-06-26_W003_P1-FOUNDATION_TRANS-RAW_168hourFrameworkImplementationandgoalSet.pdf,,https://drive.google.com/file/d/13E97mF9lWUodZmiGISkcfgMf2GwH7Lcf/view?usp=drivesdk,jsonl,,,,,"goals,weekly,EC,SAT",2025-09-29T20:29:09.370983+00:00,2025-09-29T20:29:09.371004+00:00
JTBD-W004-PROFILE,huda-2025,P1,4,profile_strategy,assessment,Profile assessment & essay direction (Janice),Elicit experiences that ladder to a coherent narrative; sketch essay angles.,important,done,TRANS-RAW,W004 Transcript (Janice),,2023-06-26_W004_P1-FOUNDATION_TRANS-RAW_StrategicProfileAssessmentandessayDevelo-janice.pdf,,https://drive.google.com/file/d/1dklAoxm5-3sDuWUzxbl9OMbREhiExFCt/view?usp=drivesdk,jsonl,,,,,"profile,essay,narrative",2025-09-29T20:29:11.699068+00:00,2025-09-29T20:29:11.699089+00:00
JTBD-W0045-ESSAY-REFINE,huda-2025,P1,4,essay,refinement,Refine essay direction & asset plan (Jenny),"Tighten core hook, identify supporting artifacts, and align with EC ladder.",important,done,TRANS-RAW,W004.5 Transcript (Jenny),,2023-06-26_W004.5_P1-FOUNDATION_TRANS-RAW_StrategicProfileAssessmentandessayDevelo-jenny.pdf,,https://drive.google.com/file/d/1a3ZI2UwELAZSNhaiDRnOsBJXU7x_LKjb/view?usp=drivesdk,jsonl,,,,,"essay,assets,alignment",2025-09-29T20:29:14.417671+00:00,2025-09-29T20:29:14.417718+00:00
JTBD-EXEC-W001-W005-ACTIONS,huda-2025,P1,1-5,exec_actions,planning,Aggregate action items from W001–W005,Normalize and register action items assigned across the first five sessions.,critical,done,EXEC-DOC,Execution Doc Part 1 (slice),,Part1_Jenny _ Huda Weekly Planning_Execution Doc_08_02_2023_08_30_2024.docx,,https://drive.google.com/file/d/13o4HED3aOtKTVJgkfWQBVkYgWxmGhl-v/view?usp=drivesdk,jsonl,,,,,"actions,owner,due",2025-09-29T20:29:17.040663+00:00,2025-09-29T20:29:17.040721+00:00
JTBD-IMSG-W001-W005-MICRO,huda-2025,P1,1-5,micro_support,nudges,Capture micro-interactions that unblocked execution,"Record small tactical nudges (templates, rephrases, snippets) that enabled momentum.",important,done,IMSG-RAW,iMessage Part 1 (slice),,Jenny-Huda Private iMessage Texts-Part-1_ImportedDoc.pdf,,https://drive.google.com/file/d/1PVPb1qIqVhkhEI9a_E_XmMp0v2_6w3I5/view?usp=drivesdk,jsonl,,,,,"micro,templates,unblock",2025-09-29T20:29:19.324831+00:00,2025-09-29T20:29:19.324850+00:00
JTBD-W005-NAVIANCE,huda-2025,P1,5,school_data,naviance,Interpret Naviance data & map multi-project plan,Translate school outcomes data into target tiers and define parallel projects.,critical,done,TRANS-RAW,W005 Transcript,,2023-07-07_W005_P1-FOUNDATION_TRANS-RAW_NavianceSchoolDataAnalysisandmultiProjec.pdf,,https://drive.google.com/file/d/1tQxgayxke9tpo0xWwDDA5zJUZxl6_kc7/view?usp=drivesdk,jsonl,,,,,"naviance,tiers,multi-project",2025-09-29T20:31:47.476882+00:00,2025-09-29T20:31:47.476903+00:00
JTBD-W001-168H-PLAN,huda-2025,P1,,interactions,hybrid-pass,Hybrid interactions from W001 Transcript (execution slice),Richer interaction snippets (5–15) extracted via hybrid pass.,standout,done,TRANS-RAW,W001 Transcript (execution slice),2023-06-21,2023-06-21_W001_P1-FOUNDATION_TRANS-RAW_HudaJennyGamePlanGmt20230728.pdf,,https://drive.google.com/file/d/1xRzmcmzvgl2vydx8jdO-puACUIoKFWRx/view?usp=drivesdk,jsonl,,,,,"hybrid,interactions",2025-09-29T20:58:00.349173+00:00,2025-09-29T20:58:00.349202+00:00
JTBD-W002-168H-ITER,huda-2025,P1,,interactions,hybrid-pass,Hybrid interactions from W002 Transcript,Richer interaction snippets (5–15) extracted via hybrid pass.,standout,done,TRANS-RAW,W002 Transcript,2023-06-26,2023-06-26_W002_P1-FOUNDATION_TRANS-RAW_168hourCoachingFrameworkIntroduction.pdf,,https://drive.google.com/file/d/14b0I6ZZ4GslVfU0UCouqmlthYjQIxOGj/view?usp=drivesdk,jsonl,,,,,"hybrid,interactions",2025-09-29T20:58:02.836563+00:00,2025-09-29T20:58:02.836583+00:00
JTBD-W003-GOALS,huda-2025,P1,,interactions,hybrid-pass,Hybrid interactions from W003 Transcript,Richer interaction snippets (5–15) extracted via hybrid pass.,standout,done,TRANS-RAW,W003 Transcript,2023-06-26,2023-06-26_W003_P1-FOUNDATION_TRANS-RAW_168hourFrameworkImplementationandgoalSet.pdf,,https://drive.google.com/file/d/1s0FSlpaFuDhgkABjsthfKvgXnIb8YREq/view?usp=drivesdk,jsonl,,,,,"hybrid,interactions",2025-09-29T20:58:06.677274+00:00,2025-09-29T20:58:06.677297+00:00
JTBD-W004-PROFILE,huda-2025,P1,,interactions,hybrid-pass,Hybrid interactions from W004 Transcript (Janice),Richer interaction snippets (5–15) extracted via hybrid pass.,standout,done,TRANS-RAW,W004 Transcript (Janice),2023-06-26,2023-06-26_W004_P1-FOUNDATION_TRANS-RAW_StrategicProfileAssessmentandessayDevelo-janice.pdf,,https://drive.google.com/file/d/15IW4N7fFkLczCzuDMfJeoEeONYSnrdKV/view?usp=drivesdk,jsonl,,,,,"hybrid,interactions",2025-09-29T20:58:09.338755+00:00,2025-09-29T20:58:09.338776+00:00
JTBD-W0045-ESSAY-REFINE,huda-2025,P1,,interactions,hybrid-pass,Hybrid interactions from W004.5 Transcript (Jenny),Richer interaction snippets (5–15) extracted via hybrid pass.,standout,done,TRANS-RAW,W004.5 Transcript (Jenny),2023-06-26,2023-06-26_W004.5_P1-FOUNDATION_TRANS-RAW_StrategicProfileAssessmentandessayDevelo-jenny.pdf,,https://drive.google.com/file/d/1cTiXOx5pgLI_BnxVPI8_fspxV8wLyoxa/view?usp=drivesdk,jsonl,,,,,"hybrid,interactions",2025-09-29T20:58:11.644646+00:00,2025-09-29T20:58:11.644671+00:00
JTBD-W005-NAVIANCE,huda-2025,P1,,interactions,hybrid-pass,Hybrid interactions from W005 Transcript,Richer interaction snippets (5–15) extracted via hybrid pass.,standout,done,TRANS-RAW,W005 Transcript,2023-07-07,2023-07-07_W005_P1-FOUNDATION_TRANS-RAW_NavianceSchoolDataAnalysisandmultiProjec.pdf,,https://drive.google.com/file/d/1Ije1D5RwSNfMcvih_SK2qKkWTfbRz8uJ/view?usp=drivesdk,jsonl,,,,,"hybrid,interactions",2025-09-29T20:58:14.048562+00:00,2025-09-29T20:58:14.048583+00:00
JTBD-EXEC-PART1,huda-2025,P1,,interactions,hybrid-pass,Hybrid interactions from Execution Doc (Part 1),Richer interaction snippets (5–15) extracted via hybrid pass.,standout,done,EXEC-DOC,Execution Doc (Part 1),2023-08-02–2024-08-30,Part1_Jenny _ Huda Weekly Planning_Execution Doc_08_02_2023_08_30_2024.docx,,https://drive.google.com/file/d/1YfZVyaW5JlLT6W_nzsqZgbZWX1DMlt-3/view?usp=drivesdk,jsonl,,,,,"hybrid,interactions",2025-09-29T20:58:16.417850+00:00,2025-09-29T20:58:16.417870+00:00
JTBD-IMSG-PART1,huda-2025,P1,,interactions,hybrid-pass,Hybrid interactions from iMessage Part 1 (slice),Richer interaction snippets (5–15) extracted via hybrid pass.,standout,done,IMSG-RAW,iMessage Part 1 (slice),2023-06–2024-??,Jenny-Huda Private iMessage Texts-Part-1_ImportedDoc.pdf,,https://drive.google.com/file/d/1IIUSpCTWVxw9O5qFKzAlaV7UvkyVMBPn/view?usp=drivesdk,jsonl,,,,,"hybrid,interactions",2025-09-29T20:58:18.539564+00:00,2025-09-29T20:58:18.539586+00:00
JTBD-W001-168H-PLAN-V2,,,,,,,,,,,,,,,https://drive.google.com/file/d/1IZFUVLZk6RC-IG-5rfP-u3iYWJGQz_IN/view?usp=drivesdk,jsonl,,,,,,2025-09-29T22:00:43.927513+00:00,2025-09-29T22:00:43.927542+00:00
JTBD-W002-168H-ITER-V2,,,,,,,,,,,,,,,https://drive.google.com/file/d/1BxRqtgXiLsAYeUF2cTq-PsB8SyIwUCSg/view?usp=drivesdk,jsonl,,,,,,2025-09-29T22:00:45.762310+00:00,2025-09-29T22:00:45.762331+00:00
JTBD-W003-GOALS-V2,,,,,,,,,,,,,,,https://drive.google.com/file/d/1yakT2s3FZLMVaM7R8OKHffK1R3-VxvrZ/view?usp=drivesdk,jsonl,,,,,,2025-09-29T22:00:47.836647+00:00,2025-09-29T22:00:47.836673+00:00
JTBD-W004-PROFILE-V2,,,,,,,,,,,,,,,https://drive.google.com/file/d/1dQcvxraTMmkJWVKfVcHcUTez_j_SJI5R/view?usp=drivesdk,jsonl,,,,,,2025-09-29T22:00:49.703922+00:00,2025-09-29T22:00:49.703942+00:00
JTBD-W0045-ESSAY-REFINE-V2,,,,,,,,,,,,,,,https://drive.google.com/file/d/15z-d9Z3-I22lKQPDv57up5gQ-mQZ0ajk/view?usp=drivesdk,jsonl,,,,,,2025-09-29T22:00:51.466148+00:00,2025-09-29T22:00:51.466168+00:00
JTBD-W005-NAVIANCE-V2,,,,,,,,,,,,,,,https://drive.google.com/file/d/1-AebTbSAM6OOXHhwYq2Jl21FlCoZ9GD_/view?usp=drivesdk,jsonl,,,,,,2025-09-29T22:00:53.497446+00:00,2025-09-29T22:00:53.497502+00:00
JTBD-EXEC-PART1-V2,,,,,,,,,,,,,,,https://drive.google.com/file/d/1Vdfrcjrrx9h-PnbczFGbHLmtS5ryPGBg/view?usp=drivesdk,jsonl,,,,,,2025-09-29T22:00:55.255535+00:00,2025-09-29T22:00:55.255558+00:00
JTBD-IMSG-PART1-V2,,,,,,,,,,,,,,,https://drive.google.com/file/d/1vYKE_ar5i9F5-Qhqp_zzl4QR9KdnEKp_/view?usp=drivesdk,jsonl,,,,,,2025-09-29T22:00:56.948936+00:00,2025-09-29T22:00:56.948956+00:00
JTBD-W006-REVIEW,huda-2025,P1,6,weekly_execution,sat_goals,First-week review & SAT recalibration,Re-center weekly goals; tune SAT cadence; avoid burnout via quality-first reps.,critical,done,TRANS-RAW,W006 Transcript,2023-08-05,2023-08-05_W006_P1-FOUNDATION_TRANS-RAW_FirstWeekReviewGoalSettingandsat.pdf,,https://drive.google.com/file/d/15hsM-7PD-v8fAEzvQdwH_6axrcNp4TiE/view?usp=drivesdk,jsonl,,,,,"sat,goals,cadence",2025-09-29T23:45:04.440885+00:00,2025-09-29T23:45:04.440907+00:00
JTBD-W008-NCWIT-STORY,huda-2025,P1,8,weekly_execution,ncwit_story,NCWIT story framing + summer program strategy,Select story beats for NCWIT and align summer programs to narrative signal.,critical,done,TRANS-RAW,W008 Transcript,2023-08-08,2023-08-08_W008_P1-FOUNDATION_TRANS-RAW_SummerProgramStrategyandncwitAppStorytel.pdf,,https://drive.google.com/file/d/1EQN7Oc59w8QwpwNQn-6un5nDy2SF6ogR/view?usp=drivesdk,jsonl,,,,,"ncwit,summer,story",2025-09-29T23:45:07.055361+00:00,2025-09-29T23:45:07.055381+00:00
JTBD-W011-NCWIT-DEV,huda-2025,P1,11,weekly_execution,ncwit_build,NCWIT application development,Move from outline to draft; list artifacts and mentors; map evidence links.,critical,done,TRANS-RAW,W011 Transcript,2023-09-06,2023-09-06_W011_P1-FOUNDATION_TRANS-RAW_NcwitAppDevelopmentandmotherInspiringJou.pdf,,https://drive.google.com/file/d/1F5XhOavaryLRXKR5nod76ImgamQq_3Dy/view?usp=drivesdk,jsonl,,,,,"ncwit,draft",2025-09-29T23:45:10.531871+00:00,2025-09-29T23:45:10.531891+00:00
JTBD-W009-PROJMGT,huda-2025,P1,9,weekly_execution,project_mgmt,Project management system & WIP limits,"Introduce dual‑track (flagship + supporting), set WIP limit 2, weekly demos.",critical,done,TRANS-RAW,W009 Transcript,2023-09-09,2023-09-09_W009_P1-FOUNDATION_TRANS-RAW_ProjectManagement.pdf,,https://drive.google.com/file/d/1s5QAT8P975plMhhIhrQ2WbgK_1nOajpK/view?usp=drivesdk,jsonl,,,,,"project,kanban,wip",2025-09-29T23:45:12.908594+00:00,2025-09-29T23:45:12.908619+00:00
JTBD-W010-CRISIS-MIT,huda-2025,P1,10,weekly_execution,crisis_momentum,Crisis navigation + MIT research touch + NCWIT breakthrough,"Stabilize bandwidth during crisis, make one research touch, lock NCWIT core scene.",critical,done,TRANS-RAW,W010 Transcript,2023-09-23,2023-09-23_W010_P1-FOUNDATION_TRANS-RAW_MsaCrisisNcwitEssayBreakthroughandmit.pdf,,https://drive.google.com/file/d/1XhY7h2qtDes9Sg2KSfAy4dEFEG3FiUZV/view?usp=drivesdk,jsonl,,,,,"crisis,mit,ncwit",2025-09-29T23:45:15.464714+00:00,2025-09-29T23:45:15.464741+00:00
JTBD-EXEC-PART1-B2,huda-2025,P1,8-10,execution_register,actions_tracking,Action register + asset checklist updates (B2),Consolidate owners/dues; add proof-not-prose checklist and demo cadence.,critical,done,EXEC-DOC,Execution Doc Part 1 (slice B2),2023-08-02..2024-08-30,Part1_Jenny _ Huda Weekly Planning_Execution Doc_08_02_2023_08_30_2024.docx,,https://drive.google.com/file/d/1uyMcOw_cIFhLsAoYne7Ar9_ItyQt9N5q/view?usp=drivesdk,jsonl,,,,,"actions,checklist,demo",2025-09-29T23:45:17.601085+00:00,2025-09-29T23:45:17.601107+00:00
JTBD-IMSG-PART1-B2,huda-2025,P1,8-10,micro_support,offline,"Offline micro-support (templates, nudges) — Batch 2 window","Short-form templates and nudges producing quick momentum (bookings, artifacts, follow-through).",critical,done,IMSG-RAW,iMessage Part 1 (slice B2),2023-06-30..2024-03-01,Jenny-Huda Private iMessage Texts-Part-1_ImportedDoc.pdf,,https://drive.google.com/file/d/1SsVFYTRJKpSBy61TQ5Ip87aDi1KunHlb/view?usp=drivesdk,jsonl,,,,,"template,nudge,momentum",2025-09-29T23:45:20.327151+00:00,2025-09-29T23:45:20.327172+00:00
JTBD-W013-MATH-INTENSIVE,huda-2025,P2,13,weekly_execution,sat_math,SAT Math intensive: diagnose & drill,"Build an error taxonomy from practice, prioritize Algebra/Functions/Data, and schedule focused daily sets with post-mortems.",critical,done,TRANS-RAW,W013 Transcript,2023-10-01,2023-10-01_W013_P2-BUILDING_TRANS-RAW_WeekSatMathIntensiveSession.pdf,,https://drive.google.com/file/d/1S--1Hdo-Ow5YiQnWTncQKhwq2DV3zOha/view?usp=drivesdk,jsonl,,,,,"SAT,math,error-taxonomy,drills",2025-09-30T00:37:27.411128+00:00,2025-09-30T00:37:27.411149+00:00
JTBD-W014-CRISIS-NCWIT,huda-2025,P2,14,weekly_execution,crisis_narrative,Navigate crisis; protect cadence; advance NCWIT essay scene,"Stabilize workload during external crisis, use micro-blocks, and lock a core NCWIT scene rooted in authentic service.",critical,done,TRANS-RAW,W014 Transcript,2023-10-13,2023-10-13_W014_P2-BUILDING_TRANS-RAW_PalestineCrisisAcknowledgmentNcwitEssays.pdf,,https://drive.google.com/file/d/17n0f5yACz7oYB7z2dVFkWZJ8w9vO8jL0/view?usp=drivesdk,jsonl,,,,,"crisis,cadence,NCWIT,essay",2025-09-30T00:37:29.800082+00:00,2025-09-30T00:37:29.800107+00:00
JTBD-W015-SAT-CRISIS,huda-2025,P2,15,weekly_execution,sat_rebaseline,Rebaseline after SAT/PSAT dip; finish NCWIT v3,"Turn a score setback into a diagnostic, re‑anchor morning math blocks, and advance NCWIT to draft v3.",critical,done,TRANS-RAW,W015 Transcript,2023-10-23,2023-10-23_W015_P2-BUILDING_TRANS-RAW_SatScoreCrisisNcwitEssay.pdf,,https://drive.google.com/file/d/1_e9V3BHyhtNHCEIp7PKnAC4x7nyBfhxp/view?usp=drivesdk,jsonl,,,,,"SAT,diagnostic,NCWIT",2025-09-30T00:37:34.101038+00:00,2025-09-30T00:37:34.101057+00:00
JTBD-W016-READING-DEEPDIVE,huda-2025,P2,16,weekly_execution,sat_reading,SAT Reading: evidence-first method & annotation system,"Adopt an ‘evidence ladder’ flow, constrain skimming, and use a tight annotation scheme to reduce vacillation errors.",high,done,TRANS-RAW,W016 Transcript,2023-10-15,2023-10-15_W016_P2-BUILDING_TRANS-RAW_SatReadingStrategyDeepDive.pdf,,https://drive.google.com/file/d/1jLN8ovvbatYWJsctvDU7qyV2sVlUazKz/view?usp=drivesdk,jsonl,,,,,"SAT,reading,evidence,annotation",2025-09-30T00:37:36.438792+00:00,2025-09-30T00:37:36.438812+00:00
JTBD-W017-PSAT-ANALYSIS,huda-2025,P2,17,weekly_execution,psat_xray_math,PSAT score x‑ray; intensify targeted SAT Math drills,"Translate PSAT subscores into drill queues, schedule retest window, and measure with mistake‑log deltas.",critical,done,TRANS-RAW,W017 Transcript,2023-11-06,2023-11-06_W017_P2-BUILDING_TRANS-RAW_PsatScoreAnalysisandintensiveSatMath.pdf,,https://drive.google.com/file/d/1k-WF3x29afM-K-ISw0tPbO9A5aIE-s0p/view?usp=drivesdk,jsonl,,,,,"PSAT,SAT,diagnostic,drills",2025-09-30T00:37:39.008142+00:00,2025-09-30T00:37:39.008164+00:00
JTBD-EXEC-PART1-B3,huda-2025,P2,13-17,execution_register,actions_tracking,Action register & asset checklist updates (B3),"Consolidate owner/due, add reading protocol, and enforce ship‑small demo cadence.",critical,done,EXEC-DOC,Execution Doc Part 1 (slice B3),2023-08-02..2023-11-10,Part1_Jenny _ Huda Weekly Planning_Execution Doc_08_02_2023_08_30_2024.docx,,https://drive.google.com/file/d/1wPPOslzbXKT73XO4If33F0c4-350Ky11/view?usp=drivesdk,jsonl,,,,,"actions,checklist,demo,reading",2025-09-30T00:37:41.523537+00:00,2025-09-30T00:37:41.523564+00:00
JTBD-IMSG-PART1-B3,huda-2025,P2,13-17,micro_support,offline,Offline micro‑support (templates & nudges) — Batch 3,"Deliver quick templates, 24h rebook nudges, and check‑ins tied to demo cadence and reading protocol.",critical,done,IMSG-RAW,iMessage Part 1 (slice B3),2023-10-01..2023-11-10,Jenny-Huda Private iMessage Texts-Part-1_ImportedDoc.pdf,,https://drive.google.com/file/d/1s4P9Z9fNaUSxXr68g7dqW70ydL6HpMMD/view?usp=drivesdk,jsonl,,,,,"template,nudge,momentum,reading",2025-09-30T00:37:44.116450+00:00,2025-09-30T00:37:44.116471+00:00
JTBD-W018-RESET,huda-2025,P2,18,weekly_execution,crisis_reset,"Crisis triage, honest assessment, and admissions positioning",Stabilize execution during personal crisis; prune commitments; articulate authentic positioning for admissions fit.,critical,done,TRANS-RAW,W018 Transcript,2023-11-16,2023-11-16_W018_P2-BUILDING_TRANS-RAW_BrutallyHonestAssessmentCrisisandadmissi.pdf,,https://drive.google.com/file/d/1y2M3lSbvSGtxv0k0-3zj4DY73hPmrnUF/view?usp=drivesdk,jsonl,,,,,"crisis,positioning,prioritization",2025-09-30T01:01:44.934400+00:00,2025-09-30T01:01:44.934422+00:00
JTBD-W019-MATH-DEPTH,huda-2025,P2,19,testing,sat_math,SAT Math deep dive and scholarship signal strategy,"Decompose frequent error families, set targeted drills, and align scholarship apps to emerging strengths.",critical,done,TRANS-RAW,W019 Transcript,2023-11-09,2023-11-09_W019_P2-BUILDING_TRANS-RAW_SatMathDeepDiveandscholarshipStrategy.pdf,,https://drive.google.com/file/d/1Fp2Ka7oC4T41htGz9XMPNnm49hSw2Ua-/view?usp=drivesdk,jsonl,,,,,"sat,math,scholarship",2025-09-30T01:01:47.438031+00:00,2025-09-30T01:01:47.438051+00:00
JTBD-W020-BOA-KICKOFF,huda-2025,P2,20,applications,bank_of_america,Bank of America Student Leaders application kickoff,Translate service narrative into BoA prompts; identify impact metrics and two recommenders.,critical,done,TRANS-RAW,W020 Transcript,2023-11-10,2023-11-10_W020_P2-BUILDING_TRANS-RAW_BankAmericaStudentLeadersApp.pdf,,https://drive.google.com/file/d/1rK7u4Dhmz0rX1k8cDcV9HoVykCfO2e7z/view?usp=drivesdk,jsonl,,,,,"BoA,service,metrics",2025-09-30T01:01:50.625516+00:00,2025-09-30T01:01:50.625541+00:00
JTBD-W021-BOA-REFINE,huda-2025,P2,21,applications,bank_of_america,BoA essay refinement + finals week planning,Tighten essay beats; implement finals‑week low‑variance schedule to protect SAT/BoA throughput.,critical,done,TRANS-RAW,W021 Transcript,2023-12-10,2023-12-10_W021_P2-BUILDING_TRANS-RAW_BankAmericaEssayRefinementandfinalsWeek.pdf,,https://drive.google.com/file/d/1bN_l-3NqELD6LyKGYLUyS5eHPNOi-STD/view?usp=drivesdk,jsonl,,,,,"BoA,finals,schedule",2025-09-30T01:01:53.049500+00:00,2025-09-30T01:01:53.049521+00:00
JTBD-W022-BOA-POLISH,huda-2025,P2,22,applications,bank_of_america,BoA polish + academic progress checkpoint,Polish essays to proof‑over‑prose level; capture wins in academics for narrative credibility.,critical,done,TRANS-RAW,W022 Transcript,2023-12-11,2023-12-11_W022_P2-BUILDING_TRANS-RAW_BankAmericaEssayRefinementandacademicVic.pdf,,https://drive.google.com/file/d/1kVOIHiZf1Nx_4H-8F0aYd5kdOFOJ5uyQ/view?usp=drivesdk,jsonl,,,,,"BoA,polish,wins",2025-09-30T01:01:55.486349+00:00,2025-09-30T01:01:55.486369+00:00
JTBD-W023-APUSH-BOA,huda-2025,P2,23,milestones,apush_boa,APUSH perfect score & BoA wrap,Celebrate and capture APUSH perfect; finalize BoA package and submit plan.,critical,done,TRANS-RAW,W023 Transcript,2023-12-17,2023-12-17_W023_P2-BUILDING_TRANS-RAW_ApushPerfectScoreandbankAmericaEssay.pdf,,https://drive.google.com/file/d/1tFdWza_c0Kd5q3LmGFREUFVPFYlAJ252/view?usp=drivesdk,jsonl,,,,,"APUSH,BoA,submission",2025-09-30T01:01:57.876435+00:00,2025-09-30T01:01:57.876457+00:00
JTBD-EXEC-B4,huda-2025,P2,18-23,execution_register,actions_tracking,Action register & asset checklist updates (Batch 4),Consolidate owners/dues; add submission checklists; ensure demo cadence persists.,critical,done,EXEC-DOC,Execution Doc Part 1+2 (slice B4),2023-11-01..2023-12-31,Part1/Part2 Execution Docs,,https://drive.google.com/file/d/1eSmp0NndKCT6Ld2IRJU4WDkTMtSjAeKm/view?usp=drivesdk,jsonl,,,,,"actions,checklist,cadence",2025-09-30T01:02:00.187151+00:00,2025-09-30T01:02:00.187172+00:00
JTBD-IMSG-B4,huda-2025,P2,18-23,micro_support,offline,"Offline micro‑support (templates, nudges) — Batch 4","Templates and rapid nudges for BoA, teacher comms, and SAT momentum.",critical,done,IMSG-RAW,iMessage Part 1+2 (slice B4),2023-11-01..2024-03-01,Jenny-Huda iMessage Parts 1–2,,https://drive.google.com/file/d/101OqDSCZ874G-KzAGLuL4jXtYYqpY9AR/view?usp=drivesdk,jsonl,,,,,"template,nudge,momentum",2025-09-30T01:02:02.598615+00:00,2025-09-30T01:02:02.598640+00:00
JTBD-W024-COLLEGE-STRAT,huda-2025,P2,24,college_strategy,list_and_major,Strategic college & major selection (constraints-first),"Converge a draft list by constraints: financial fit, program signal, distance, cohort diversity; map majors to narrative.",critical,done,TRANS-RAW,W024 Transcript (Part 2),2024-01-06,2024-01-06_W024_P2-BUILDING_TRANS-RAW_StrategicCollegeandmajorSelectionSession-Part2.pdf,,https://drive.google.com/file/d/1beUK7CUHZQ3fJXvi_EtaNOicn3cWrkIo/view?usp=drivesdk,jsonl,,,,,"college-list,major,constraints-first,signal-fit",2025-09-30T01:54:18.629063+00:00,2025-09-30T01:54:18.629087+00:00
JTBD-W0245-COLLEGE-REFINE,huda-2025,P2,24.5,college_strategy,refine_list,Refine list with program-level signals and NPC outcomes,"Run net price calculators (NPC), check program artifacts (labs, studios, student media), and adjust risk mix.",critical,done,TRANS-RAW,W024.5 Transcript,2024-01-07,2024-01-07_W024.5_P2-BUILDING_TRANS-RAW_StrategicCollegeandmajorSelectionSession.pdf,,https://drive.google.com/file/d/1-Tumuub35M9TJajcKgyGB77OuVFJn4Dj/view?usp=drivesdk,jsonl,,,,,"NPC,risk-mix,program-artifacts",2025-09-30T01:54:21.310927+00:00,2025-09-30T01:54:21.310947+00:00
JTBD-W025-BOA-APP,huda-2025,P2,25,applications,boa_student_leaders,Bank of America Student Leaders — application scaffolding,"Draft core prompts, pick impact scenes, align to service-leadership arc; assemble recommenders and timeline.",high,done,TRANS-RAW,W025 Transcript,2024-01-09,2024-01-09_W025_P2-BUILDING_TRANS-RAW_BankAmericaStudentLeadersApp.pdf,,https://drive.google.com/file/d/1MH89vrBDMrCb-1oFkxmp0guix4zwM0Uv/view?usp=drivesdk,jsonl,,,,,"BoA,service,leadership,application",2025-09-30T01:54:23.778814+00:00,2025-09-30T01:54:23.778840+00:00
JTBD-W026-NCWIT-POST-SR,huda-2025,P2,26,strategy,post_award_plan,Post‑NCWIT celebration → senior-year strategy lock,"Convert external win into platform: speaking, mentorship, and project runway; align SAT plan for next window.",high,done,TRANS-RAW,W026 Transcript,2024-01-13,2024-01-13_W026_P2-BUILDING_TRANS-RAW_PostNcwitCelebrationandseniorYearStrateg-correct.pdf,,https://drive.google.com/file/d/1jCSONsAxaGIaZgAhkAd9ZTXSXp29ZQLS/view?usp=drivesdk,jsonl,,,,,"NCWIT,platform,senior-plan",2025-09-30T01:54:26.231731+00:00,2025-09-30T01:54:26.231757+00:00
JTBD-W027-ND-LEADERSHIP,huda-2025,P2,27,applications,notre_dame_leadership,Notre Dame Leadership Seminar — application strategy,Pick seminar track; map personal impact scenes; compile pre-reads and evidence links.,high,done,TRANS-RAW,W027 Transcript,2024-01-16,2024-01-16_W027_P2-BUILDING_TRANS-RAW_NotreDameLeadershipSeminarAppandstrategi.pdf,,https://drive.google.com/file/d/1YtEzwQUPjwhlsDlTsqb_Vpt-vBz6jPKn/view?usp=drivesdk,jsonl,,,,,"NotreDame,seminar,application",2025-09-30T01:54:29.057760+00:00,2025-09-30T01:54:29.057781+00:00
JTBD-W028-ND-FINAL,huda-2025,P2,28,applications,notre_dame_final,Notre Dame Leadership Seminar — final push,"Tighten essays with show-not-tell, link to shipped artifacts, proofread, and submit.",high,done,TRANS-RAW,W028 Transcript,2024-01-20,2024-01-20_W028_P2-BUILDING_TRANS-RAW_NotreDameAppFinalPush.pdf,,https://drive.google.com/file/d/1S7hh2RyiGucMAeaOQn5f1dB6g9RDxHGa/view?usp=drivesdk,jsonl,,,,,"NotreDame,final,submission",2025-09-30T01:54:31.290075+00:00,2025-09-30T01:54:31.290095+00:00
JTBD-W030-FOLKLIFT-PLAT,huda-2025,P2,30,projects,platform_evolution,Folklift platform evolution & multi-application management,Define platform next steps (content system + demo clips) while juggling concurrent apps.,high,done,TRANS-RAW,W030 Transcript,2024-01-30,2024-01-30_W030_P2-BUILDING_TRANS-RAW_FolkliftPlatformEvolutionandmultipleAppM.pdf,,https://drive.google.com/file/d/1Gw-_e50qlAF1HmKwJzKw1RRiGjQUuoqD/view?usp=drivesdk,jsonl,,,,,"platform,multi-app,roadmap",2025-09-30T01:54:33.574709+00:00,2025-09-30T01:54:33.574735+00:00
JTBD-EXEC-PART1-B5,huda-2025,P2,24-30,execution_register,actions_tracking,Action register & checklist refresh (Batch 5 window),"Add owners/dues, demo cadence, and artifact links covering Jan 2024 windows.",critical,done,EXEC-DOC,Execution Doc Part 1 (slice B5),2024-01-06..2024-01-30,Part1_Jenny _ Huda Weekly Planning_Execution Doc_08_02_2023_08_30_2024.docx,,https://drive.google.com/file/d/1xOA--dutAADOyEr5jSNZFo_uBOTis6bp/view?usp=drivesdk,jsonl,,,,,"actions,register,demo-cadence",2025-09-30T01:54:35.939368+00:00,2025-09-30T01:54:35.939394+00:00
JTBD-IMSG-PART1-B5,huda-2025,P2,24-30,micro_support,offline,"Offline micro‑support (templates, nudges) — Batch 5 window","Templates, nudges, micro‑debug to unblock; produce quick momentum (emails, sign-ups, demos).",critical,done,IMSG-RAW,iMessage Part 1 (slice B5),2024-01-06..2024-01-30,Jenny-Huda Private iMessage Texts-Part-1_ImportedDoc.pdf,,https://drive.google.com/file/d/1IkfegmdT1-tV9uUDycQabp9mljHx2RgH/view?usp=drivesdk,jsonl,,,,,"template,nudge,micro-debug",2025-09-30T01:54:38.157653+00:00,2025-09-30T01:54:38.157675+00:00
JTBD-W031-JCAMP-REL,huda-2025,P2,31,summer_programs,relationship_building,Build JCamp application and seed strategic relationships,Craft compelling JCamp app; define mentor pipeline; ship 2 touches/week with proof-of-work links.,critical,done,TRANS-RAW,W031 Transcript,2024-02-28,2024-02-28_W031_P2-BUILDING_TRANS-RAW_JcampAppandstrategicRelationshipBuilding.pdf,,https://drive.google.com/file/d/1gZzdIikxM1HrLPvHpq602X3gS5-IbWC5/view?usp=drivesdk,jsonl,,,,,"JCamp,relationship,proof-not-prose,outreach,journalism",2025-09-30T02:13:16.231125+00:00,2025-09-30T02:13:16.231148+00:00
JTBD-W032-CMU-ESSAY,huda-2025,P2,32,essays,cmu_precollege,Draft CMU Pre-College essays with scene-first evidence,Convert abstract claims into concrete scenes; produce outline → draft1 with tight word budgets.,critical,done,TRANS-RAW,W032 Transcript,2024-02-03,2024-02-03_W032_P2-BUILDING_TRANS-RAW_CmuPreCollegeProgramEssay.pdf,,https://drive.google.com/file/d/14D2uo_ixF0zuEgljLerexRnsrtOuhYsd/view?usp=drivesdk,jsonl,,,,,"CMU,precollege,essays,scene-first,editing",2025-09-30T02:13:18.720632+00:00,2025-09-30T02:13:18.720659+00:00
JTBD-W033-CMU-NCWIT-BAY,huda-2025,P2,33,essays,cmu_refine_ncwit_bay,Refine CMU essays; plan NCWIT Bay submission,Polish CMU draft; identify NCWIT Bay evidence clips; schedule one demo every 10 days.,high,done,TRANS-RAW,W033 Transcript,2024-02-10,2024-02-10_W033_P2-BUILDING_TRANS-RAW_CmuPreCollegeEssaysandncwitBay.pdf,,https://drive.google.com/file/d/1I2i6Tcs4m1k7brkpKwguafPyriAjl9Pf/view?usp=drivesdk,jsonl,,,,,"CMU,NCWIT,refinement,demo-cadence",2025-09-30T02:13:20.986714+00:00,2025-09-30T02:13:20.986748+00:00
JTBD-W034-CMU-FINAL-NLEAD,huda-2025,P2,34,essays,finalization_nlead,Finalize CMU essays; pursue national leadership program,"Last-mile edits (voice, line-level). Identify a leadership program fit and align narrative.",critical,done,TRANS-RAW,W034 Transcript,2024-02-21,2024-02-21_W034_P2-BUILDING_TRANS-RAW_CmuEssaysFinalizationandnationalLeadersh.pdf,,https://drive.google.com/file/d/1__3SLXpRYjHi3Hk03S7MhnXfhKK6UB6B/view?usp=drivesdk,jsonl,,,,,"CMU,final,leadership,voice",2025-09-30T02:13:23.395714+00:00,2025-09-30T02:13:23.395741+00:00
JTBD-W035-INIT-UPDATES,huda-2025,P2,35,initiatives,publicity_finance,Publicity + finance plan for initiatives (NCWIT momentum),Publish 2 wins; draft micro‑budget; identify 3 outreach channels and 1 sponsor prospect.,high,done,TRANS-RAW,W035 Transcript,2024-02-26,2024-02-26_W035_P2-BUILDING_TRANS-RAW_InitiativeUpdatesNcwitPublicityandfinanc.pdf,,https://drive.google.com/file/d/1ieQDit8iECqzs3WbTL6WDHvAOPw8yu9c/view?usp=drivesdk,jsonl,,,,,"publicity,finance,NCWIT,sponsorship",2025-09-30T02:13:25.697569+00:00,2025-09-30T02:13:25.697594+00:00
JTBD-EXEC-PART1-B6,huda-2025,P2,31-35,execution_register,actions_tracking,"Register updates (B6): owners, due dates, demo cadence","Consolidate task register from calls; ensure each task has owner, due, and demo proof.",critical,done,EXEC-DOC,Execution Doc Part 1 (slice B6),2023-08-02..2024-08-30,Part1_Jenny _ Huda Weekly Planning_Execution Doc_08_02_2023_08_30_2024.docx,,https://drive.google.com/file/d/1b2Pz2bwfpKqf0i4w8Yzt-u7ke8n3vnHN/view?usp=drivesdk,jsonl,,,,,"register,owners,due,demo",2025-09-30T02:13:28.067839+00:00,2025-09-30T02:13:28.067860+00:00
JTBD-EXEC-PART2-B6,huda-2025,P2,35+,execution_register,actions_tracking,Register updates (Part 2 spillover),Carry over open tasks into Part 2 doc with refreshed owners/due dates.,high,done,EXEC-DOC,Execution Doc Part 2 (slice B6),2024-07-25..2025-01-02,Part2_Jenny_ Marissa_Erin _Huda Weekly Planning_Execution Doc_07_25_2024+01_02_2025.docx,,https://drive.google.com/file/d/1kroIn61wdozJTEggZTpyzVT1cl1CBVso/view?usp=drivesdk,jsonl,,,,,"register,carryover",2025-09-30T02:13:30.361049+00:00,2025-09-30T02:13:30.361072+00:00
JTBD-IMSG-PART1-B6,huda-2025,P2,31-35,micro_support,offline,Offline micro-support templates & nudges (B6),"Deliver short templates (outreach, counselor follow-ups) and tactical nudges that unblock progress.",critical,done,IMSG-RAW,iMessage Part 1 (slice B6),2023-06-30..2024-03-01,Jenny-Huda Private iMessage Texts-Part-1_ImportedDoc.pdf,,https://drive.google.com/file/d/1VsQEBZeMWtGz1Ih1IbA04LMIb5tMZ8w1/view?usp=drivesdk,jsonl,,,,,"template,nudge,followup",2025-09-30T02:13:32.821979+00:00,2025-09-30T02:13:32.822002+00:00
JTBD-IMSG-PART2-B6,huda-2025,P2,35,micro_support,offline,Micro-support during recommendation crisis and program submissions,Provide email templates and escalation paths when recommenders or admins block submissions.,critical,done,IMSG-RAW,iMessage Part 2 (slice B6),2024-03-01..2024-03-10,Jenny-Huda Private iMessage Texts-Part-2_ImportedDoc.pdf,,https://drive.google.com/file/d/1uKXDA346Q7jj0D56JpvED1Enhoe7lsT-/view?usp=drivesdk,jsonl,,,,,"LOR,escalation,email-template",2025-09-30T02:13:35.321091+00:00,2025-09-30T02:13:35.321111+00:00
JTBD-W036-TEACHER-CRISIS,huda-2025,P2,36,weekly_execution,rec_letter_relations,Repair teacher relationship & secure strong LoRs,Diagnose conflict drivers; design apology + repair plan; map proactive value actions to earn credible letters.,critical,done,TRANS-RAW,W036 Transcript,2024-03-02,2024-03-02_W036_P2-BUILDING_TRANS-RAW_TeacherRecommendationCrisisandschoolRela.pdf,,https://drive.google.com/file/d/1gWETI_aDPCvL8FnGCjwog0W4CpOVJKWi/view?usp=drivesdk,jsonl,,,,,"recommendations,relationships,crisis",2025-09-30T02:33:24.073586+00:00,2025-09-30T02:33:24.073611+00:00
JTBD-W037-RELATIONS-REAGAN,huda-2025,P2,37,weekly_execution,recognition_pipeline,Strengthen teacher relations & target Reagan Award,Systematize positive teacher micro‑touches and assemble a competitive Reagan Award package.,high,done,TRANS-RAW,W037 Transcript,2024-03-05,2024-03-05_W037_P2-BUILDING_TRANS-RAW_PostGiftTeacherRelationsandreaganAward.pdf,,https://drive.google.com/file/d/1oFYq3Mz8F41eKcQnsxGR3pkKxui2S_eX/view?usp=drivesdk,jsonl,,,,,"reagan,relationships,recognition",2025-09-30T02:33:26.505161+00:00,2025-09-30T02:33:26.505186+00:00
JTBD-W038-ESSAY-SPRINT,huda-2025,P2,38,weekly_execution,essay_system,Essay sprint: outline → scenes → edit passes,"Stand up a repeatable essay system using scene bank, claim→proof mapping, and timed edit passes.",critical,done,TRANS-RAW,W038 Transcript,2024-03-10,2024-03-10_W038_P2-BUILDING_TRANS-RAW_EssayDevelopmentandappSprint.pdf,,https://drive.google.com/file/d/1qpzW5A56Ol4sq1-5WfNBpfQYZENLgOgN/view?usp=drivesdk,jsonl,,,,,"essays,scenes,system",2025-09-30T02:33:28.786300+00:00,2025-09-30T02:33:28.786322+00:00
JTBD-W039-COMMONAPP-PLANNING,huda-2025,P2,39,weekly_execution,commonapp_system,Common App planning post-KWC,"Translate KWC outcomes into Common App strategy: activity slots, honors mapping, and recommender routing.",high,done,TRANS-RAW,W039 Transcript,2024-03-20,2024-03-20_W039_P2-BUILDING_TRANS-RAW_PostKwkCelebrationandcommonappPlanning.pdf,,https://drive.google.com/file/d/1arfD0KQ7DOXxld36nPks-V9ni-RDgUd-/view?usp=drivesdk,jsonl,,,,,"commonapp,kwc,mapping",2025-09-30T02:33:31.223288+00:00,2025-09-30T02:33:31.223308+00:00
JTBD-W040-SPRINGBREAK-PIPELINE,huda-2025,P3,40,weekly_execution,awards_pipeline,Spring Break pipeline: awards + artifacts,"Set a sprint plan to generate award-ready artifacts, schedule submissions, and line up proof links.",critical,done,TRANS-RAW,W040 Transcript,2024-03-15,2024-03-15_W040_P3-JUNIOR_TRANS-RAW_SpringBreakStrategicPlanningandawardPipe.pdf,,https://drive.google.com/file/d/1TYVK_4sA5nyOdRqqRvLQK3MjVOvqqIdW/view?usp=drivesdk,jsonl,,,,,"pipeline,awards,artifacts",2025-09-30T02:33:33.592567+00:00,2025-09-30T02:33:33.592588+00:00
JTBD-EXEC-PART1-B7,huda-2025,P2,36-40,execution_register,actions_tracking,Action register + recommender matrix + sprint board (B7),"Consolidate actionable items: weekly teacher micro‑touches, Reagan packet tasks, scene-bank quotas, and awards sprint.",critical,done,EXEC-DOC,Execution Doc Part 1 & 2 (slice B7),2023-08-02..2025-01-02,Part1/Part2 Execution Docs,,https://drive.google.com/file/d/1Jf6tdYbBMModyjaLC13c2KolRImmZP-Z/view?usp=drivesdk,jsonl,,,,,"actions,matrix,sprint",2025-09-30T02:33:35.854377+00:00,2025-09-30T02:33:35.854399+00:00
JTBD-IMSG-PART1-3-B7,huda-2025,P2,36-40,micro_support,offline,Offline micro‑support for W036–W040 window (templates & nudges),"Short templates, micro‑nudges, and quick reframes that led to meetings booked and artifacts shipped.",critical,done,IMSG-RAW,iMessage Parts 1–3 (slice B7),2023-06-30..2025-01-02,iMessage Texts Part 1–3,,https://drive.google.com/file/d/1cKDnXGQVL_w5PU7kDp4C2xhNRH9WuZNR/view?usp=drivesdk,jsonl,,,,,"template,nudge,momentum",2025-09-30T02:33:38.233009+00:00,2025-09-30T02:33:38.233033+00:00
JTBD-W041-CAMERON-SYNTHORIA,huda-2025,P3,41,scholarship,cameron_impact,Cameron Impact essay architecture,"Define 2–3 anchors, quant results, and service-through-action arc for Cameron Impact essays.",critical,done,TRANS-RAW,W041 Transcript,2024-04-05,2024-04-05_W041_P3-JUNIOR_TRANS-RAW_CameronImpactEssaysandsynthoriaDistribut.pdf,,https://drive.google.com/file/d/16nYU-QVMohkoXhwQljY3KcuJp3CWM3O7/view?usp=drivesdk,jsonl,,,,,"cameron-impact,essay-structure,service-arc",2025-09-30T03:55:35.575243+00:00,2025-09-30T03:55:35.575265+00:00
JTBD-W042-JCAMP-LEVERAGE,huda-2025,P3,42,programs,jcamp,Leverage JCamp acceptance into narrative & opportunities,"Convert JCamp acceptance into tangible opportunities: mentor touches, bylines, and narrative proof.",critical,done,TRANS-RAW,W042 Transcript,2024-04-11,2024-04-11_W042_P3-JUNIOR_TRANS-RAW_JcampAcceptanceCelebrationandstrategicEx.pdf,,https://drive.google.com/file/d/1WtXX-OV39RxMT97-b3EFvHlvwrWqgNQT/view?usp=drivesdk,jsonl,,,,,"jcamp,leverage,bylines",2025-09-30T03:55:38.188160+00:00,2025-09-30T03:55:38.188181+00:00
JTBD-W043-BREAKTHRU-TOOLKIT,huda-2025,P3,43,competitions,breakthrough,Breakthrough Challenge concept + toolkit distribution,Choose a solvable user pain; define prototype scope; publish toolkit for early users.,critical,done,TRANS-RAW,W043 Transcript,2024-04-14,2024-04-14_W043_P3-JUNIOR_TRANS-RAW_BreakthroughChallengeandtoolkitDistribut.pdf,,https://drive.google.com/file/d/1AhYY0licxVKfGho2tvHn4KcgdxXSkBNA/view?usp=drivesdk,jsonl,,,,,"breakthrough,toolkit,prototype",2025-09-30T03:55:41.108349+00:00,2025-09-30T03:55:41.108369+00:00
JTBD-W044-SAT-VICTORY,huda-2025,P3,44,testing,sat_consolidation,SAT victory consolidation + post‑win focus shift,"Record SAT milestone, consolidate learnings, and shift weekly bandwidth to portfolio and essays.",critical,done,TRANS-RAW,W044 Transcript,2024-04-17,2024-04-17_W044_P3-JUNIOR_TRANS-RAW_SatVictoryCelebrationandstrategicConsoli.pdf,,https://drive.google.com/file/d/1JD5MFhfbq3ZbA76ii2ksWqMo5aa3P_L5/view?usp=drivesdk,jsonl,,,,,"sat,victory,focus-shift",2025-09-30T03:55:43.681888+00:00,2025-09-30T03:55:43.681909+00:00
JTBD-W045-SUMMER-ARCH-10SPOT,huda-2025,P3,45,summer_strategy,architecture,Summer architecture + 10‑spot strategy development,"Design a balanced summer: 1 flagship, 1 supporting, 1 service; map 10 high‑signal opportunities.",critical,done,TRANS-RAW,W045 Transcript,2024-05-14,2024-05-14_W045_P3-JUNIOR_TRANS-RAW_SummerArchitectureand10SpotStrategyDevel.pdf,,https://drive.google.com/file/d/1RI9re2FPZSuGVY-4490pQjB3_MnBIotN/view?usp=drivesdk,jsonl,,,,,"summer,planning,10-spot",2025-09-30T03:55:46.187182+00:00,2025-09-30T03:55:46.187207+00:00
JTBD-EXEC-PART1-B8,huda-2025,P3,41-45,execution_register,actions_tracking,Execution register updates (Batch 8),Owners/dues updated; added demo cadence and proof‑not‑prose checklist entries.,critical,done,EXEC-DOC,Execution Doc Part 1 (slice B8),2024-04-01..2024-05-31,Part1_Jenny _ Huda Weekly Planning_Execution Doc_08_02_2023_08_30_2024.docx,,https://drive.google.com/file/d/14lFP2-oNb8uIrgFF2qzSDRdt0RIgMTkT/view?usp=drivesdk,jsonl,,,,,"register,checklist,demo",2025-09-30T03:55:48.605022+00:00,2025-09-30T03:55:48.605042+00:00
JTBD-IMSG-PART-B8,huda-2025,P3,41-45,micro_support,offline,Offline micro‑support (Batch 8),"Templates, nudges, and micro‑coaching that unlocked bookings, drafts, and demo cadence.",critical,done,IMSG-RAW,iMessage (slices near Apr–May ’24),2024-04-01..2024-05-31,Jenny-Huda Private iMessage Texts (Parts 1–3),,https://drive.google.com/file/d/1qYxehSD8_ugl5-aaEy-qUdCX4g_bpr1E/view?usp=drivesdk,jsonl,,,,,"template,nudge,follow-through",2025-09-30T03:55:51.124258+00:00,2025-09-30T03:55:51.124279+00:00
JTBD-W046-G4C-PR,huda-2025,P3,46,recognition,games_for_change,Leverage Games for Change finalist to elevate narrative,"Convert finalist status into portfolio proof, media blurbs, and recommendation fuel.",critical,done,TRANS-RAW,W046 Transcript,2024-05-03,2024-05-03_W046_P3-JUNIOR_TRANS-RAW_GamesChangeFinalistCelebrationandpalesti.pdf,,https://drive.google.com/file/d/1JOr5Z3szxBnUxB49hRptergc1SeRw6S0/view?usp=drivesdk,jsonl,,,,,"G4C,press,portfolio,recs",2025-09-30T05:03:42.287988+00:00,2025-09-30T05:03:42.288010+00:00
JTBD-W047-KICKOFF,huda-2025,P3,47,college_apps,kickoff,College app kickoff: major selection & list scaffolding,"Lock preliminary major cluster, build T‑shaped college list, and assign evidence per school.",critical,done,TRANS-RAW,W047 Transcript,2024-06-02,2024-06-02_W047_P3-JUNIOR_TRANS-RAW_CollegeAppFormalKickoffandmajorSelection.pdf,,https://drive.google.com/file/d/1pnrlacYmz7wQE3OnqH-cEK5hS2SwhlY4/view?usp=drivesdk,jsonl,,,,,"major,college-list,evidence",2025-09-30T05:03:45.018919+00:00,2025-09-30T05:03:45.018946+00:00
JTBD-W048-MKT-SCALE,huda-2025,P3,48,initiative_growth,marketing_team,Scale initiative via lightweight marketing & team management,"Set weekly content cadence, delegate roles, and capture metrics without burn‑out.",high,done,TRANS-RAW,W048 Transcript,2024-06-06,2024-06-06_W048_P3-JUNIOR_TRANS-RAW_ScalingImpactThroughMarketingandteamMana.pdf,,https://drive.google.com/file/d/1QbLModndIMS3nlg42Vu8tWqfXtBZcmi4/view?usp=drivesdk,jsonl,,,,,"marketing,cadence,team",2025-09-30T05:03:48.164019+00:00,2025-09-30T05:03:48.164040+00:00
JTBD-W049-UC-MAJOR-MAP,huda-2025,P3,49,college_apps,uc_major_map,Map UC system majors and scholarships to narrative,Align UC majors to AI+story+design narrative; compile scholarship shortlist.,high,done,TRANS-RAW,W049 Transcript,2024-06-08,2024-06-08_W049_P3-JUNIOR_TRANS-RAW_UcsystemMajorMappingandscholarshipDataba.pdf,,https://drive.google.com/file/d/1jiiIElPPonbobrsDRNd1vt9nYUhWyztR/view?usp=drivesdk,jsonl,,,,,"UC,majors,scholarships",2025-09-30T05:03:50.938774+00:00,2025-09-30T05:03:50.938795+00:00
JTBD-W050-USC-PIVOT,huda-2025,P3,50,college_apps,visit_debrief,USC visit pivot: refine major narrative & targets,Debrief campus visit; update school targeting and storytelling angles for fit.,medium,done,TRANS-RAW,W050 Transcript,2024-06-12,2024-06-12_W050_P3-JUNIOR_TRANS-RAW_UscCampusVisitDebriefandmajorPivot.pdf,,https://drive.google.com/file/d/1EMNiN6UpMk8sNLKq5eNO1o7Vcg8VoZKe/view?usp=drivesdk,jsonl,,,,,"USC,visit,pivot",2025-09-30T05:03:53.543952+00:00,2025-09-30T05:03:53.543972+00:00
JTBD-EXEC-PART2-B9,huda-2025,P3,46-50,execution_register,actions_tracking,Action register updates (Batch 9),"Register owners/dues for PR tasks, list scaffolding, and marketing cadence; add demo checklist.",critical,done,EXEC-DOC,Execution Doc Part 2 (slice B9),2024-05-03..2024-06-13,Part2_Jenny_ Marissa_Erin _Huda Weekly Planning_Execution Doc_07_25_2024+01_02_2025.docx,,https://drive.google.com/file/d/1tFLGdh9kCP0qTST9vV9ayIq1H8Xb-l-p/view?usp=drivesdk,jsonl,,,,,"actions,register,demo",2025-09-30T05:03:56.332345+00:00,2025-09-30T05:03:56.332366+00:00
JTBD-IMSG-PART1-3-B9,huda-2025,P3,46-50,micro_support,offline,"Offline micro-support (templates, nudges) — Batch 9 window","High-velocity micro‑templates for PR outreach, rec prompts, and evidence linking.",high,done,IMSG-RAW,iMessage Parts 1–3 (slice B9),2024-05-03..2024-06-13,Jenny-Huda Private iMessage Texts-Part-1_ImportedDoc.pdf,,https://drive.google.com/file/d/1GxNr9Y7LMh50p8OFTIMAkw2ULJhXfBpt/view?usp=drivesdk,jsonl,,,,,"template,nudge,momentum",2025-09-30T05:03:59.043840+00:00,2025-09-30T05:03:59.043861+00:00
JTBD-W051-REC-STRAT,huda-2025,P3,73,weekly_execution,recs_strategy,Recommendation letter strategy & relationship planning,"Map target recommenders, build brag-sheet bullets, and schedule light-touch relationship upkeep.",critical,done,TRANS-RAW,W051 Transcript,2024-06-14,2024-06-14_W051_P3-JUNIOR_TRANS-RAW_RecommendationLetterStrategyandescapeRoo.pdf,,https://drive.google.com/file/d/162aMZRzreLagEw3TEWRTb-nTUhyJZlAo/view?usp=drivesdk,jsonl,,,,,"recs,brag-sheet,relationship",2025-09-30T05:22:13.130223+00:00,2025-09-30T05:22:13.130245+00:00
JTBD-W052-TIMELINE-ARCH,huda-2025,P3,74,weekly_execution,app_timeline,Application timeline architecture & workstream setup,"Create an end‑to‑end app timeline with workstreams (testing, essays, recs, awards, EC proofs).",critical,done,TRANS-RAW,W052 Transcript,2024-06-18,2024-06-18_W052_P3-JUNIOR_TRANS-RAW_AppTimelineArchitectureandfreelanceDevel.pdf,,https://drive.google.com/file/d/1RMkRretXv8Kv7g7OlX73yUhK-iCLN7SS/view?usp=drivesdk,jsonl,,,,,"timeline,workstreams,essays",2025-09-30T05:22:17.733881+00:00,2025-09-30T05:22:17.733909+00:00
JTBD-W053-AWARDS-CRISIS,huda-2025,P3,75,weekly_execution,awards_pipeline,Awards pipeline triage & government internship alignment,Stabilize awards calendar and align gov internship outputs to narrative proofs.,high,done,TRANS-RAW,W053 Transcript,2024-06-21,2024-06-21_W053_P3-JUNIOR_TRANS-RAW_AwardsCrisisManagementandgovernmentInter.pdf,,https://drive.google.com/file/d/16bZbpJmGBM434RUKvy_zB4mEa0VVuWoy/view?usp=drivesdk,jsonl,,,,,"awards,internship,proofs",2025-09-30T05:22:20.329822+00:00,2025-09-30T05:22:20.329843+00:00
JTBD-W054-TEENVOGUE-PITCH,huda-2025,P3,71,weekly_execution,media_pitch,Teen Vogue pitch development & EC consolidation,Shape a compelling pitch and consolidate EC narrative; prepare hackathon launch and social growth.,critical,done,TRANS-RAW,W054 Transcript,2024-06-24,2024-06-24_W054_P3-JUNIOR_TRANS-RAW_TeenVoguePitchDevelopmentandextracurricu.pdf,,https://drive.google.com/file/d/1FC4_H5ssg9kWsPHCad8Hj8wOlmYaEODj/view?usp=drivesdk,jsonl,,,,,"pitch,media,EC,hackathon",2025-09-30T05:22:22.791444+00:00,2025-09-30T05:22:22.791466+00:00
JTBD-W055-HACK-SPONSOR,huda-2025,P3,72,weekly_execution,hackathon_ops,Hackathon sponsorships secured & pre‑London (JCamp) ops,"Convert sponsors, add a judge, open signups, and delegate marketing before travel.",critical,done,TRANS-RAW,W055 Transcript,2024-06-27,2024-06-27_W055_P3-JUNIOR_TRANS-RAW_HackathonSponsorshipVictoryandpreLondonP.pdf,,https://drive.google.com/file/d/1umdTlvAH34aQkpcQeyvBiih4D2XVL-RM/view?usp=drivesdk,jsonl,,,,,"hackathon,sponsorship,marketing,jcamp",2025-09-30T05:22:25.570263+00:00,2025-09-30T05:22:25.570282+00:00
JTBD-EXEC-B10-W051-LOR,huda-2025,P3,51,execution_register,recommenders,Lock LOR strategy and send recommender kits,"Identify final LOR writers, send fact-sheet kits, define deadlines, track receipts.",critical,done,EXEC-DOC,Execution Doc (Part 2 slice),2024-06-14,Part2_Jenny_ Marissa_Erin _Huda Weekly Planning_Execution Doc_07_25_2024+01_02_2025.docx,,https://drive.google.com/file/d/1qwGtky71z8yAvz7G_1C0yiNaL8sL_Hp_/view?usp=drivesdk,jsonl,,,,,"LOR,kit,deadlines",2025-09-30T05:29:21.163788+00:00,2025-09-30T05:29:21.163812+00:00
JTBD-EXEC-B10-W052-TIMELINE,huda-2025,P3,52,execution_register,timeline,Architect app timeline and swimlanes,"Create milestone swimlanes (Common App, UC, USC) with weekly ship-small cadence.",critical,done,EXEC-DOC,Execution Doc (Part 2 slice),2024-06-18,Part2_Jenny_ Marissa_Erin _Huda Weekly Planning_Execution Doc_07_25_2024+01_02_2025.docx,,https://drive.google.com/file/d/1qwGtky71z8yAvz7G_1C0yiNaL8sL_Hp_/view?usp=drivesdk,jsonl,,,,,"timeline,swimlanes,cadence",2025-09-30T05:29:21.567003+00:00,2025-09-30T05:29:21.567007+00:00
JTBD-EXEC-B10-W053-AWARDS,huda-2025,P3,53,execution_register,awards_pipeline,Awards crisis triage + pipeline update,Resolve conflicts and rename tiers; clarify criteria and proof for each award.,high,done,EXEC-DOC,Execution Doc (Part 2 slice),2024-06-21,Part2_Jenny_ Marissa_Erin _Huda Weekly Planning_Execution Doc_07_25_2024+01_02_2025.docx,,https://drive.google.com/file/d/1qwGtky71z8yAvz7G_1C0yiNaL8sL_Hp_/view?usp=drivesdk,jsonl,,,,,"awards,triage,proof",2025-09-30T05:29:21.938920+00:00,2025-09-30T05:29:21.938923+00:00
JTBD-EXEC-B10-W054-PITCH,huda-2025,P3,54,execution_register,media_pitch,Draft and send Teen Vogue pitch,Craft 150‑word pitch + 3 clips; build editor list and schedule send.,high,done,EXEC-DOC,Execution Doc (Part 2 slice),2024-06-24,Part2_Jenny_ Marissa_Erin _Huda Weekly Planning_Execution Doc_07_25_2024+01_02_2025.docx,,https://drive.google.com/file/d/1qwGtky71z8yAvz7G_1C0yiNaL8sL_Hp_/view?usp=drivesdk,jsonl,,,,,"media,pitch,clips",2025-09-30T05:29:22.305505+00:00,2025-09-30T05:29:22.305508+00:00
JTBD-EXEC-B10-W055-SPONSOR,huda-2025,P3,55,execution_register,sponsorship,Secure hackathon sponsorship and pre‑London plan,Send outreach to 4 sponsors with deck; schedule two meetings before travel.,high,done,EXEC-DOC,Execution Doc (Part 2 slice),2024-06-27,Part2_Jenny_ Marissa_Erin _Huda Weekly Planning_Execution Doc_07_25_2024+01_02_2025.docx,,https://drive.google.com/file/d/1qwGtky71z8yAvz7G_1C0yiNaL8sL_Hp_/view?usp=drivesdk,jsonl,,,,,"hackathon,sponsorship,travel",2025-09-30T05:29:22.885544+00:00,2025-09-30T05:29:22.885547+00:00
JTBD-IMSG-B10-MICRO,huda-2025,P3,51-55,micro_support,offline,"Offline micro-support: LOR pings, pitch tightening, outreach scripts","Rapid templates + nudges to keep momentum through LOR, pitches, and sponsorship outreach.",critical,done,IMSG-RAW,iMessage Parts (B10 slice),2024-06-14..2024-06-27,Jenny-Huda Private iMessage Texts-Part-2_ImportedDoc.pdf,,https://drive.google.com/file/d/1bs7JV_zxNq9oGVt3CLGn9sdpnU9PHFGq/view?usp=drivesdk,jsonl,,,,,"template,nudge,momentum",2025-09-30T05:29:26.447504+00:00,2025-09-30T05:29:26.447524+00:00
JTBD-W060-BRANDING-PRELAUNCH,huda-2025,P3,60,brand_build,website_pipeline,Personal website + small-biz video pipeline pre-launch,"Ship v0 site, schedule 3 client interviews, and post one edited YouTube video to seed portfolio momentum.",high,in-progress,TRANS-RAW,Weekly Planning + Personal Brand Development,2024-07-07,2024-07-07_W060_P3-JUNIOR_TRANS-RAW_WeekStrategicPlanningandpersonalBrandDev.pdf,,https://drive.google.com/file/d/1cmrrcnpeNXFjRdQjrKg9DEmdBaR76Hou/view?usp=drivesdk,jsonl,,,,,"website,portfolio,client-work",2025-09-30T05:58:00.247834+00:00,2025-09-30T05:58:00.247856+00:00
JTBD-EXEC-PART-SUMMER24-B11,huda-2025,P3,56-60,execution_register,actions_tracking,Execution register updates (summer ’24 window),Consolidate owners/dues; seed proof-not-prose checklist across essay and brand work.,critical,done,EXEC-DOC,Execution Doc (summer ’24 slice),2024-06-29..2024-07-31,Part1/Part2 Execution Docs (slice),,https://drive.google.com/file/d/1ZpapCxvWM_aw8fspO8T-hUFc6rVNTYqz/view?usp=drivesdk,jsonl,,,,,"actions,register,checklist",2025-09-30T05:58:02.975313+00:00,2025-09-30T05:58:02.975335+00:00
JTBD-IMSG-SUMMER24-B11,huda-2025,P3,56-60,micro_support,templates_nudges,"Micro-interactions: outreach templates, nudges, scheduling","Short templates and nudges that book meetings, unlock edits, and keep ship cadence.",high,done,IMSG-RAW,iMessage Part 1–2 (summer ’24 slice),2024-06-29..2024-07-31,iMessage Parts 1–2 (slice),,https://drive.google.com/file/d/1dWIIM9G60vYCG8zTNGvPzELtXq-mRGak/view?usp=drivesdk,jsonl,,,,,"template,nudge,momentum",2025-09-30T05:58:05.573050+00:00,2025-09-30T05:58:05.573078+00:00
JTBD-W056-PRE-LONDON,huda-2025,P3,56,outreach_brand,pre_london_push,Pre-London strategic outreach & platform distribution,Prime relationships and schedule content drops to convert JCamp/London momentum into follow-on opportunities.,critical,done,TRANS-RAW,Pre-London Strategic Outreach & Platform Distribution,2024-06-29,2024-06-29_W056_P3-JUNIOR_TRANS-RAW_PreLondonStrategicOutreachandplatformDis.pdf,,https://drive.google.com/file/d/1p1N8gogRg-yYnEeKWNwt5jnCksa68Uhk/view?usp=drivesdk,jsonl,,,,,"outreach,distribution,platform,pre-london",2025-09-30T06:00:50.215748+00:00,2025-09-30T06:00:50.215771+00:00
JTBD-W057-ESSAY-SYSTEM,huda-2025,P3,57,writing_system,commonapp_module,Common App essay workbench (scenes → beats → thesis),Stand up a repeatable essay pipeline: clip bank → scene cards → beat sheet → thesis line → 600→650 edit.,critical,done,TRANS-RAW,Essay Work Session,2024-07-24,2024-07-24_W057_P3-JUNIOR_TRANS-RAW_essays_transcript.pdf,,https://drive.google.com/file/d/1tyQTH7srDXcKDbM8KnwviJBDBzebJl4l/view?usp=drivesdk,jsonl,,,,,"essay,pipeline,scenes,beats",2025-09-30T06:00:52.741953+00:00,2025-09-30T06:00:52.741973+00:00
JTBD-W058-SENIOR-STRAT,huda-2025,P3,58,senior_year,plan,Senior year strategy & Common App pivot,"Re-prioritize EC focus, nail letter writers, and pivot essay framing toward service-through-games.",critical,done,TRANS-RAW,Senior Strategy + Essay Pivot,2024-07-27,2024-07-27_W058_P3-JUNIOR_TRANS-RAW_SeniorYearStrategyandcommonappEssayPivot.pdf,,https://drive.google.com/file/d/13YVMDaM_s8U_3zeRsHK_RZjzJELgQvKj/view?usp=drivesdk,jsonl,,,,,"senior,letters,pivot",2025-09-30T06:00:55.271826+00:00,2025-09-30T06:00:55.271846+00:00
JTBD-W059-GAMING-IDENTITY-ESSAY,huda-2025,P3,59,writing_system,commonapp_identity,"Common App essay—gaming, identity & resilience","Translate lived moments (voice chat, bias, belonging) into a scene-driven arc that lands on agency and pride.",critical,in-progress,TRANS-RAW,Common App Essay—From Gaming Guilt to Pride,2024-07-31,2024-07-31_W059_P3-JUNIOR_TRANS-RAW_CommonappEssayRevolutionfromGamingGuilt.pdf,,https://drive.google.com/file/d/1_0U1FN81JVwk0QiZUm9Hykr5l2P_Jl0t/view?usp=drivesdk,jsonl,,,,,"essay,identity,gaming",2025-09-30T06:00:57.762554+00:00,2025-09-30T06:00:57.762576+00:00
JTBD-W061-EMPOWHER,huda-2025,P3,61,awards_strategy,post_win_debrief,EmpowHerHacks victory + post-London platform debrief,Consolidate wins from EmpowHerHacks; turn London activities into narrative signal and relationship capital.,critical,done,TRANS-RAW,W061 Transcript,2024-07-15,2024-07-15_W061_P3-JUNIOR_TRANS-RAW_EmpowherHacksVictoryandpostLondonDebrief.pdf,,https://drive.google.com/file/d/19_6Q6gLRqxoKm6oIH-mT7yfQxjGHFRSm/view?usp=drivesdk,jsonl,,,,,"empowher,london,platform,relationships",2025-09-30T06:32:10.881165+00:00,2025-09-30T06:32:10.881187+00:00
JTBD-W062-JCAMP-ID,huda-2025,P3,62,narrative,identity_crystallization,Post-JCamp identity crystallization + neural voice,Tighten personal brand lexicon post-JCamp; align voice across portfolio and apps.,high,done,TRANS-RAW,W062 Transcript,2024-08-21,2024-08-21_W062_P3-JUNIOR_TRANS-RAW_PostJcampIdentityCrystallizationandneura.pdf,,https://drive.google.com/file/d/1yjwYuHNRkImustGDa0ZTY3PddaC3W9bL/view?usp=drivesdk,jsonl,,,,,"jcamp,voice,brand",2025-09-30T06:32:13.409296+00:00,2025-09-30T06:32:13.409318+00:00
JTBD-W063-RECS-ESSAY,huda-2025,P3,63,recs_and_essays,teacher_recommenders,Recommender forms + advanced essay development,Select STEM + Humanities recommenders; prime with 1-pager; deepen essay scenes.,critical,done,TRANS-RAW,W063 Transcript,2024-08-23,2024-08-23_W063_P3-JUNIOR_TRANS-RAW_TeacherRecommenderFormsandadvancedEssayD.pdf,,https://drive.google.com/file/d/1uaegYzFMZL_TFTvOX5nHSdcb1mPUPHBb/view?usp=drivesdk,jsonl,,,,,"recs,essays,scenes",2025-09-30T06:32:16.063667+00:00,2025-09-30T06:32:16.063741+00:00
JTBD-W065-ED-PIVOT,huda-2025,P3,65,college_strategy,early_decision_pivot,Early strategy pivot + Disney Dreamers + QuestBridge decision,Evaluate REA/ED paths; draft Disney Dreamers; decide to skip QuestBridge in favor of normal apps.,critical,done,TRANS-RAW,W065 Transcript,2024-09-02,2024-09-02_W065_P3-JUNIOR_TRANS-RAW_EarlyDecisionStrategicPivotanddisneyDrea.pdf,,https://drive.google.com/file/d/1iY_zSZK1GlXMUXjYneZQaRIRPCrnUCBG/view?usp=drivesdk,jsonl,,,,,"stanford,usc,disney_dreamers,questbridge",2025-09-30T06:32:18.463860+00:00,2025-09-30T06:32:18.463881+00:00
JTBD-W066-PEACHFUZZ,huda-2025,P4,66,apps_execution,commonapp_ps_and_lors,Peach-fuzz Common App essay craft + tutoring + LOR strategy,Refine hook clarity; log new tutoring roles; fix transcript grade errors; lock English + CS LORs.,critical,in_progress,TRANS-RAW,W066 Transcript,2024-09-09,2024-09-09_W066_P4-SUMMER_TRANS-RAW_PeachFuzzCommonappEssayandactivitiesList.pdf,,https://drive.google.com/file/d/1vjKavFtt1mROgbhWWWBSvI-uQltVqmR8/view?usp=drivesdk,jsonl,,,,,"essay,peach_fuzz,tutoring,LORs,transcript",2025-09-30T06:32:21.165791+00:00,2025-09-30T06:32:21.165812+00:00
JTBD-EXEC-B12,huda-2025,P3,61-66,execution_register,actions_tracking,Action register + cadence updates (Batch 12 window),Owners/dues consolidated; proof-not-prose checklist and demo cadence enforced.,critical,done,EXEC-DOC,Execution Docs (Parts 1–2 slices),2024-07-15..2024-09-12,Part1/Part2 execution docs (slices),,https://drive.google.com/file/d/1hX451pG_8JtBNs6Am2Z3eEaFJrCCIwon/view?usp=drivesdk,jsonl,,,,,"actions,cadence,proof",2025-09-30T06:32:25.723736+00:00,2025-09-30T06:32:25.723763+00:00
JTBD-IMSG-B12,huda-2025,P3,61-66,micro_support,offline,"Offline micro-support (templates, nudges) — Batch 12 window","Short-form templates and nudges that produce momentum (advisor outreach, demo publishing, LOR priming).",high,done,IMSG-RAW,iMessage (Parts 1–2 slices),2024-07-15..2024-09-12,iMessage Part 1/2 (slices),,https://drive.google.com/file/d/1DLoD6GZ-uz1ZkIlNi31mSKjTtsnU1xIG/view?usp=drivesdk,jsonl,,,,,"template,nudge,momentum",2025-09-30T06:32:28.326003+00:00,2025-09-30T06:32:28.326022+00:00
JTBD-W067-STANFORD-DEEPDIVE,huda-2025,P4,67,essays,stanford_deepdive,Stanford essay deep dive with gaming metaphors,Anchor Stanford essay in gaming metaphors and lived migration resilience.,critical,in_progress,TRANS-RAW,W067 Transcript,2024-09-16,2024-09-16_W067_P4-SUMMER_TRANS-RAW_StanfordAppEssaysDeepDive.pdf,,https://drive.google.com/file/d/1vJbHD1UxC3WauiCVR3610OdQ00uzzmdX/view?usp=drivesdk,jsonl,,,,,"stanford,essays,gaming,resilience",2025-09-30T07:13:25.875603+00:00,2025-09-30T07:13:25.875628+00:00
JTBD-W068-MAJOR-GAMING-PIVOT,huda-2025,P4,68,essays,major_identity,Major essay pivot with gaming identity,Shift Common App essay toward gaming identity; clarify alignment with chosen major.,critical,in_progress,TRANS-RAW,W068 Transcript,2024-09-30,2024-09-30_W068_P4-SUMMER_TRANS-RAW_MajorCommonappEssayPivotandgamingIdentit.pdf,,https://drive.google.com/file/d/1dogS83sJvcZ7gv0-U9XQ15nScomnCL7R/view?usp=drivesdk,jsonl,,,,,"commonapp,gaming,identity,major",2025-09-30T07:13:28.787432+00:00,2025-09-30T07:13:28.787457+00:00
JTBD-W069-USC-ESSAYS-STRATEGY,huda-2025,P4,69,essays,usc_strategy,USC essays and application strategy,Draft USC essays emphasizing journalism + AI; clarify strategy for app positioning.,critical,in_progress,TRANS-RAW,W069 Transcript,2024-10-02,2024-10-02_W069_P4-SUMMER_TRANS-RAW_UscEssaysandappStrategy.pdf,,https://drive.google.com/file/d/1nMWGrcT-YYb5O0nnCgD0c-UmbVC1q0Ol/view?usp=drivesdk,jsonl,,,,,"usc,essays,strategy",2025-09-30T07:13:32.346385+00:00,2025-09-30T07:13:32.346406+00:00
JTBD-W070-UC-CONSOLIDATION,huda-2025,P4,70,essays,uc_consolidation,UC essays review and consolidation,Review multiple UC drafts; consolidate into final coherent set.,critical,in_progress,TRANS-RAW,W070 Transcript,2024-10-05,2024-10-05_W070_P4-SUMMER_TRANS-RAW_UcessaysReviewandstrategicConsolidation.pdf,,https://drive.google.com/file/d/1NWhhZJHJKnVIYUdE3WcFL-n-HGtnLa0g/view?usp=drivesdk,jsonl,,,,,"uc,essays,consolidation",2025-09-30T07:13:34.890264+00:00,2025-09-30T07:13:34.890284+00:00
JTBD-W071-STANFORD-SUPPLEMENTS,huda-2025,P4,71,essays,stanford_supplements,Stanford supplemental essays refinement,Refine supplemental essays with proof-not-prose artifacts and crisp narrative scenes.,critical,in_progress,TRANS-RAW,W071 Transcript,2024-10-06,2024-10-06_W071_P4-SUMMER_TRANS-RAW_StanfordSupplementalEssaysDeepRefinement.pdf,,https://drive.google.com/file/d/1CsK4oHgAeb8aWQB08BGlNv3WrFaOryDD/view?usp=drivesdk,jsonl,,,,,"stanford,supplements,essays",2025-09-30T07:13:37.786156+00:00,2025-09-30T07:13:37.786179+00:00
JTBD-EXEC-PART1-2-B13,huda-2025,P4,67-71,execution_register,actions_tracking,Execution updates (Batch 13 window),"Update action register: essay pivots, UC consolidation, Stanford refinement.",critical,done,EXEC-DOC,Execution Docs (Part1+2),2024-09-16..2024-10-06,Part1/Part2 Execution Docs,,https://drive.google.com/file/d/1v2mzfYBxDOxf5exkFZ3QU2azVm2ijhex/view?usp=drivesdk,jsonl,,,,,"execution,essays,actions",2025-09-30T07:13:40.991171+00:00,2025-09-30T07:13:40.991192+00:00
JTBD-IMSG-PART1-3-B13,huda-2025,P4,67-71,micro_support,offline,Offline micro-support (Batch 13 window),Quick nudges/templates for essay drafting momentum.,critical,done,IMSG-RAW,iMessage Docs (Part1-3),2024-09-16..2024-10-06,Jenny-Huda iMessage Parts 1-3,,https://drive.google.com/file/d/1ZjqK_9LWiqXH8_kmJ98ENvzITBTupFpn/view?usp=drivesdk,jsonl,,,,,"imessage,nudges,essays",2025-09-30T07:13:43.496439+00:00,2025-09-30T07:13:43.496460+00:00
JTBD-W072-STANFORD-REFINE,huda-2025,P4,72,essays,stanford_refine,Refine Stanford essays with parent feedback,Balance personal narrative with concrete scenes; reduce generalities; keep word-count discipline.,critical,done,TRANS-RAW,W072 Transcript,2024-10-06,2024-10-06_W072_P4-SUMMER_TRANS-RAW_StanfordEssaysRefinementParentFeedback.pdf,,https://drive.google.com/file/d/16az55PUgtoreMP0dbqyQVPKraLwbWs2n/view?usp=drivesdk,jsonl,,,,,"stanford,essays,parent-feedback",2025-09-30T07:33:54.084941+00:00,2025-09-30T07:33:54.084963+00:00
JTBD-W073-CA-FINAL,huda-2025,P4,73,essays,commonapp_final,Finalize Common App personal statement,"Lock structure, polish cadence, and ensure adversity thread is personal and specific.",critical,done,TRANS-RAW,W073 Transcript,2024-10-07,2024-10-07_W073_P4-SUMMER_TRANS-RAW_CommonappPersonalstmtFinalization.pdf,,https://drive.google.com/file/d/1HKjI6rZ-CW4p84RdS1wTnyQ7qSG81RPY/view?usp=drivesdk,jsonl,,,,,"commonapp,final",2025-09-30T07:33:57.323593+00:00,2025-09-30T07:33:57.323614+00:00
JTBD-W074-UNC-REFINE,huda-2025,P4,74,essays,unc_refine,Refine UNC supplements + CA polish,Tighten UNC prompts; ensure voice continuity across apps; cross-check evidence links.,high,done,TRANS-RAW,W074 Transcript,2024-10-09,2024-10-09_W074_P4-SUMMER_TRANS-RAW_CommonappPersonalstmtanduncEssaysRefinem.pdf,,https://drive.google.com/file/d/1MRBB3qoThxtwhGsTW465wwspM0wBGpLC/view?usp=drivesdk,jsonl,,,,,"UNC,supplements,consistency",2025-09-30T07:34:01.133741+00:00,2025-09-30T07:34:01.133763+00:00
JTBD-W075-CA-FINAL-PARENT-AI,huda-2025,P4,75,essays,commonapp_final_parent_ai,CA finalization with parent feedback & AI checks,"Personalize claims, avoid generic ‘thought leadership,’ add one scene proving representation motive.",critical,done,TRANS-RAW,W075 Transcript,2024-10-12,2024-10-12_W075_P4-SUMMER_TRANS-RAW_CommonappEssayFinalizationParentandaiFee.pdf,,https://drive.google.com/file/d/1-GolVI8r_u-L6gEWxx55B3arcOdWFjnr/view?usp=drivesdk,jsonl,,,,,"commonapp,parent-feedback,representation",2025-09-30T07:34:05.181055+00:00,2025-09-30T07:34:05.181074+00:00
JTBD-W077-USC-SHORTS,huda-2025,P4,77,essays,usc_shorts,Master USC supplemental short answers,"Finalize 100–250c answers with specific imagery, humor, and cognitive style; avoid vague analogies.",high,done,TRANS-RAW,W077 Transcript,2024-10-15,2024-10-15_W077_P4-SUMMER_TRANS-RAW_UscSupplementalShortanswersMastery.pdf,,https://drive.google.com/file/d/1P6gvk-_zrqXLCQ5x0hz_cqlApTaJVlfs/view?usp=drivesdk,jsonl,,,,,"USC,short-answers,micro-edit",2025-09-30T07:34:08.547682+00:00,2025-09-30T07:34:08.547703+00:00
JTBD-EXEC-PART2-B14,huda-2025,P4,72–77,execution_register,submission_system,Submission tracker + asset hygiene for Oct window,"Harden the action register (owners/dues), complete evidence links, schedule recommender follow-ups, and grow a short-answer bank aligned to essay work.",critical,done,EXEC-DOC,Execution Doc Part 2 (slice B14),2024-10-06..2024-10-15,Part2_Jenny_ Marissa_Erin _Huda Weekly Planning_Execution Doc_07_25_2024+01_02_2025.docx,,https://drive.google.com/file/d/14-l17hlcdZVcdT3otG4ZX5weesrWSGPc/view?usp=drivesdk,jsonl,,,,,"execution,tracker,evidence-links,recommenders,short-answers",2025-09-30T07:34:12.580327+00:00,2025-09-30T07:34:12.580347+00:00
JTBD-IMSG-PART2-B14,huda-2025,P4,72–77,micro_support,offline,"Offline micro-support (templates, nudges) — Oct window","Deliver just-in-time texts that unlock momentum: recommender follow-ups, 100c micro-edits, proof links, and focus sprints.",critical,done,IMSG-RAW,iMessage Part 2 (slice B14),2024-10-06..2024-10-15,Jenny-Huda Private iMessage Texts-Part-2_ImportedDoc.pdf,,https://drive.google.com/file/d/1o0rwLmACNFc8gYA62eOJ579jZiLL_DYp/view?usp=drivesdk,jsonl,,,,,"imessage,templates,nudges,momentum",2025-09-30T07:34:15.860056+00:00,2025-09-30T07:34:15.860077+00:00
JTBD-W078-USC-DIFF,huda-2025,P4,78,applications,usc_narrative,USC essay differentiation & narrative development,"Differentiate USC supplements with proof-over-prose artifacts, scene-first storytelling, and portfolio cross-links.",critical,done,TRANS-RAW,W078 Transcript,2024-10-17,2024-10-17_W078_P4-SUMMER_TRANS-RAW_UscEssayDifferentiationandnarrativeDevel.pdf,,https://drive.google.com/file/d/1X_DySqFCjQQBb-qi-dvxVexciqaGwxud/view?usp=drivesdk,jsonl,,,,,"USC,differentiation,narrative",2025-09-30T07:53:28.452800+00:00,2025-09-30T07:53:28.452829+00:00
JTBD-W079-REA-REVIEW,huda-2025,P5,79,applications,stanford_rea,Stanford REA final review + USC essay polish,Pre-submission REA checklist pass; reduce redundancy with USC; tactical polish on voice and evidence links.,critical,done,TRANS-RAW,W079 Transcript,2024-10-22,2024-10-22_W079_P5-SENIOR_TRANS-RAW_StanfordReaFinalReviewanduscEssay.pdf,,https://drive.google.com/file/d/115kvYOL3oVUOYg8dgre8kayfmH-EqT7j/view?usp=drivesdk,jsonl,,,,,"Stanford,REA,USC",2025-09-30T07:53:31.448495+00:00,2025-09-30T07:53:31.448538+00:00
JTBD-W080-REA-SUBMIT_USC-POLISH,huda-2025,P5,80,applications,submission_ops,Stanford REA submission + USC final polish,Push Stanford REA across the line; finalize USC short answers with tangible proof links.,critical,done,TRANS-RAW,W080 Transcript,2024-10-27,2024-10-27_W080_P5-SENIOR_TRANS-RAW_StanfordReaSubmissionanduscFinalPolish.pdf,,https://drive.google.com/file/d/1D1ATW03QRN-Kca_Def0wMAsoxmTNfOVX/view?usp=drivesdk,jsonl,,,,,"submission,Stanford,USC",2025-09-30T07:53:35.045452+00:00,2025-09-30T07:53:35.045471+00:00
JTBD-W081-UIUC-SCHOLARSHIPS,huda-2025,P5,81,applications,uiuc_scholarships,UIUC essays review + strategic scholarship applications,Finalize UIUC short answers (scene + proof) and build a priority scholarship queue with near-term deadlines.,high,done,TRANS-RAW,W081 Transcript,2024-10-29,2024-10-29_W081_P5-SENIOR_TRANS-RAW_UiucessaysandstrategicScholarshipApps.pdf,,https://drive.google.com/file/d/12w_BxT3GL8o6vukpYxv6dvOg07ZwSwla/view?usp=drivesdk,jsonl,,,,,"UIUC,scholarships,ELKS",2025-09-30T07:53:38.571708+00:00,2025-09-30T07:53:38.571734+00:00
JTBD-W082-CSS-FAID,huda-2025,P5,82,financial_aid,css_profile,CSS Profile completion & financial-aid strategy,Complete CSS Profile; craft special-circumstances note; plan appeal path if initial aid is insufficient.,critical,done,TRANS-RAW,W082 Transcript,2024-11-11,2024-11-11_W082_P5-SENIOR_TRANS-RAW_CssProfileCompletionandfinancialAidStrat.pdf,,https://drive.google.com/file/d/18B1mjwAW5_Aw5ZduGD6c7bo43Nfv5VcO/view?usp=drivesdk,jsonl,,,,,"CSS,financial-aid,appeal",2025-09-30T07:53:42.360562+00:00,2025-09-30T07:53:42.360587+00:00
JTBD-IMSG-B15,huda-2025,P5,78-82,micro_support,offline,Offline micro-support (templates & nudges) — Batch 5,"Short templates and nudges to accelerate submissions, scholarship drafts, and outreach.",medium,done,IMSG-RAW,iMessage Part 2/3 slices,2024-10-17..2024-11-12,Jenny-Huda Private iMessage Texts-Part-2_ImportedDoc.pdf,,https://drive.google.com/file/d/1oJGYOeW-4wYoUecYqCrxEY6xNWZENMJr/view?usp=drivesdk,jsonl,,,,,"template,nudge,momentum",2025-09-30T07:53:49.309414+00:00,2025-09-30T07:53:49.309434+00:00
JTBD-W083-UC-VOICE,huda-2025,P5,83,essays,uc_refinement,Crystallize UC voice (nostalgic-futurist),Refine UC responses to balance nostalgic roots with futurist drive; keep scenes concrete and service-oriented.,critical,in_progress,TRANS-RAW,W083 Transcript,2024-11-16,2024-11-16_W083_P5-SENIOR_TRANS-RAW_UcessaysnostalgicFuturistandeducationalB.pdf,,https://drive.google.com/file/d/1nLopefzip-LvPAzcW8eGs6D_LjiezHbd/view?usp=drivesdk,jsonl,,,,,"uc,voice,nostalgic-futurist,scenes",2025-09-30T08:13:24.973242+00:00,2025-09-30T08:13:24.973264+00:00
JTBD-W084-UC-METAPHOR,huda-2025,P5,84,essays,uc_style,Sharpen metaphors (glitter-pen constraint),"Replace generic metaphors with precise, sensory language; keep each sentence doing one job.",high,in_progress,TRANS-RAW,W084 Transcript,2024-11-20,2024-11-20_W084_P5-SENIOR_TRANS-RAW_UcessaysglitterPensMetaphorandeducationa.pdf,,https://drive.google.com/file/d/1vLVv9D7rA8Ia9l1HkQmlkxBndQXryK0D/view?usp=drivesdk,jsonl,,,,,"uc,metaphor,diction,precision",2025-09-30T08:13:28.998182+00:00,2025-09-30T08:13:28.998201+00:00
JTBD-W085-UT-AUSTIN-MIT-BRIDGE,huda-2025,P5,85,essays,multischool_flow,UT Austin creative essay submitted; MIT brainstorm bridged,Lock ApplyTexas creative draft for UT Austin; spin MIT brainstorm threads without contaminating UC tone.,critical,done,TRANS-RAW,W085 Transcript,2024-11-21,2024-11-21_W085_P5-SENIOR_TRANS-RAW_UccreativeEssayAustinSubmissionandmitBra.pdf,,https://drive.google.com/file/d/1Lhi22iJKyeHnliBjBdbOhFIZMXPwuuVi/view?usp=drivesdk,jsonl,,,,,"ut-austin,applytexas,mit,tone-guardrails",2025-09-30T08:13:32.167777+00:00,2025-09-30T08:13:32.167796+00:00
JTBD-W086-MIT-UPENN,huda-2025,P5,86,essays,mit_upenn,"MIT essays and UPenn DMD portfolio—identity, specificity, ethics",Tighten MIT ‘unexpected’ arc with specific room details and voice-chat bias moments; align UPenn DMD with proof-over-prose artifacts.,critical,in_progress,TRANS-RAW,W086 Transcript,2024-11-27,2024-11-27_W086_P5-SENIOR_TRANS-RAW_MitEssaysandupennDigitalMediaDesign.pdf,,https://drive.google.com/file/d/1CtebM48THb9VaxMU8ak3X4zZmhOgkK-E/view?usp=drivesdk,jsonl,,,,,"mit,upenn-dmd,identity,specificity,ethics",2025-09-30T08:13:35.006660+00:00,2025-09-30T08:13:35.006681+00:00
JTBD-W087-UC-REFINE-LIST,huda-2025,P5,87,essays,uc_refinement,UC essays refinement + college list finalization,Rework ‘academic subject’ PIQ via personal data-science arc; finalize target list by fit and story leverage.,critical,in_progress,TRANS-RAW,W087 Transcript,2024-11-20,2024-11-20_W087_P5-SENIOR_TRANS-RAW_UcessayRefinementandcollegeListFinalizat.pdf,,https://drive.google.com/file/d/13Kvmmt7L1es0bvXRkchjTXQUWQrOUmKV/view?usp=drivesdk,jsonl,,,,,"uc,data-science,list-fit,leverage",2025-09-30T08:13:38.023238+00:00,2025-09-30T08:13:38.023258+00:00
JTBD-EXEC-PART2-B16,huda-2025,P5,83-87,execution_register,actions_tracking,Action register & artifact pipeline (Batch 16),Consolidate owners/dues; push UC/UT/MIT/UPenn draft milestones; enforce demo cadence and proof-not-prose checklist.,critical,in_progress,EXEC-DOC,Execution Doc (Part 2) — Batch 16 slice,2024-11-16..2024-11-27,Part2_Jenny_ Marissa_Erin _Huda Weekly Planning_Execution Doc_07_25_2024+01_02_2025.docx,,https://drive.google.com/file/d/1rm84HFm6LLF2md3HyJ2nFEwi5tDQ6bCu/view?usp=drivesdk,jsonl,,,,,"actions,checklist,demo,proof-not-prose",2025-09-30T08:13:41.028694+00:00,2025-09-30T08:13:41.028720+00:00
JTBD-IMSG-PART2-B16,huda-2025,P5,83-87,micro_support,offline,"Offline micro-support (nudges, micro-templates) — Batch 16","Short-form nudges that unblocked edits, booked micro-milestones, and protected tone guardrails across UC/UT/MIT/UPenn.",high,in_progress,IMSG-RAW,iMessage (Part 2) — Batch 16 slice,2024-11-16..2024-11-27,Jenny-Huda Private iMessage Texts-Part-2_ImportedDoc.pdf,,https://drive.google.com/file/d/1FJPvWE9PqJgl1ISINXoPrH3uQi7JbvuA/view?usp=drivesdk,jsonl,,,,,"template,nudge,momentum,guardrails",2025-09-30T08:13:44.127642+00:00,2025-09-30T08:13:44.127664+00:00
JTBD-W088-UC-MIT,huda-2025,P5,88,weekly_execution,uc_mit_polish,UC essay final polish + MIT framing,"Remove clichés, lock authentic metaphors, and frame MIT supplements around concrete proof.",critical,done,TRANS-RAW,W088 Transcript,2024-11-25,2024-11-25_W088_P5-SENIOR_TRANS-RAW_UcessayFinalPolishandmitSupplementalFram.pdf,,https://drive.google.com/file/d/1iVWmzb0UYPBwyAh9WdonUpnRf_Wk7XL0/view?usp=drivesdk,jsonl,,,,,"UC,MIT,final-polish,metaphor-surgery",2025-09-30T08:41:08.348971+00:00,2025-09-30T08:41:08.348992+00:00
JTBD-W089-MIT-UPENN,huda-2025,P5,89,weekly_execution,mit_upenn_polish,MIT final polish + Upenn DMD strategy,Polish MIT supplements; draft a DMD strategy sheet with evidence mapping.,critical,done,TRANS-RAW,W089 Transcript,2024-11-29,2024-11-29_W089_P5-SENIOR_TRANS-RAW_MitFinalPolishandupennDmdStrategy.pdf,,https://drive.google.com/file/d/18mgWolZ2AVYQKM0ndobg-R6ws-z3XXkP/view?usp=drivesdk,jsonl,,,,,"MIT,Upenn,DMD,strategy",2025-09-30T08:41:11.927187+00:00,2025-09-30T08:41:11.927209+00:00
JTBD-W090-MIT-MOCKINT,huda-2025,P5,90,weekly_execution,mit_mock,MIT mock interview prep,"Run structured role-play, stress-test narrative clarity, tighten follow-ups.",critical,done,TRANS-RAW,W090 Transcript,2024-12-31,2024-12-31_W090_P5-SENIOR_TRANS-RAW_MitMockInterviewPreparation.pdf,,https://drive.google.com/file/d/1S1uJA0U0gwI885VHMqlLnOR2cYo39inY/view?usp=drivesdk,jsonl,,,,,"MIT,interview,mock",2025-09-30T08:41:15.955892+00:00,2025-09-30T08:41:15.956015+00:00
JTBD-W091-UPENN-CMU,huda-2025,P5,91,weekly_execution,thankyou_cmu,Upenn thank-you letter + CMU strategy brief,Draft heartfelt thank-you; align CMU essay strategy with shipped artifacts.,critical,done,TRANS-RAW,W091 Transcript,2024-12-03,2024-12-03_W091_P5-SENIOR_TRANS-RAW_UpennThankYouNoteandcmuStrategy.pdf,,https://drive.google.com/file/d/1CF8e1Baz9dB2qqEz47axj2Z4FXhkyWfb/view?usp=drivesdk,jsonl,,,,,"Upenn,thank-you,CMU,strategy",2025-09-30T08:41:25.542716+00:00,2025-09-30T08:41:25.542739+00:00
JTBD-W092-JCAMP-DMD,huda-2025,P5,92,weekly_execution,jcamp_dmd_graphic,JCamp thank-you transformation + DMD graphic asset,Upgrade thank-you with vulnerable arc; produce DMD graphic to visualize story.,critical,done,TRANS-RAW,W092 Transcript,2024-12-05,2024-12-05_W092_P5-SENIOR_TRANS-RAW_JcampThankYouTransformationanddmdGraphic.pdf,,https://drive.google.com/file/d/1xnYO19PxIKiR-vqnrZzMrDQLADWhi37R/view?usp=drivesdk,jsonl,,,,,"JCamp,thank-you,DMD,graphic",2025-09-30T08:41:28.502227+00:00,2025-09-30T08:41:28.502248+00:00
JTBD-W093-NW-DUKE,huda-2025,P5,93,weekly_execution,final_sprint,Northwestern & Duke final edits + submission,"Apply last-50 rule, insert specific school spirit + research tie-ins, submit.",critical,done,TRANS-RAW,W093 Transcript,2025-01-01,2025-01-01_W093_P5-SENIOR_TRANS-RAW_AppSprintnwDukeFinalEdits.pdf,,https://drive.google.com/file/d/1MOZw9ip9No3J64t7-sSvznKBty7SRgTq/view?usp=drivesdk,jsonl,,,,,"Northwestern,Duke,final,submission",2025-09-30T08:41:31.546815+00:00,2025-09-30T08:41:31.546838+00:00
JTBD-EXEC-PART1-B17,huda-2025,P5,88-93,execution_register,submission_logs,Execution Doc (Part 1) — Submission register + checklist updates,"Update submission register, artifact checklist, and timeline markers for the final sprint.",critical,done,EXEC-DOC,Execution Doc Part 1 (slice B17),2024-11-25..2025-01-01,Part1_Jenny _ Huda Weekly Planning_Execution Doc_08_02_2023_08_30_2024.docx,,https://drive.google.com/file/d/1MxdDzlyXtVUmleiXQCkAZQQt4XKfOxkE/view?usp=drivesdk,jsonl,,,,,"execution,register,checklist",2025-09-30T08:41:35.913961+00:00,2025-09-30T08:41:35.913981+00:00
JTBD-EXEC-PART2-B17,huda-2025,P5,88-93,execution_register,timeline_control,Execution Doc (Part 2) — Timeline countdown + handoff,Maintain T-minus markers; confirm post-submit tasks and scholarship pivots.,critical,done,EXEC-DOC,Execution Doc Part 2 (slice B17),2024-11-25..2025-01-01,Part2_Jenny_ Marissa_Erin _Huda Weekly Planning_Execution Doc_07_25_2024+01_02_2025.docx,,https://drive.google.com/file/d/1JO2PunyB2fZ32d2pskl6FnB-PSLRtvqs/view?usp=drivesdk,jsonl,,,,,"timeline,handoff,scholarship",2025-09-30T08:41:40.149609+00:00,2025-09-30T08:41:40.149777+00:00
JTBD-IMSG-PART1-B17,huda-2025,P5,88-93,micro_support,offline,iMessage micro-support (Part 1) — Pre-submit nudges,Templates and nudges to finalize polish and book small confirmations.,critical,done,IMSG-RAW,iMessage Part 1 (B17 window),2024-11-25..2025-01-01,Jenny-Huda Private iMessage Texts-Part-1_ImportedDoc.pdf,,https://drive.google.com/file/d/1fib0pRnX6Rwk96ArCyeGtrz2mZraB7iW/view?usp=drivesdk,jsonl,,,,,"iMessage,templates,nudge",2025-09-30T08:41:43.482857+00:00,2025-09-30T08:41:43.482878+00:00
JTBD-IMSG-PART2-B17,huda-2025,P5,88-93,micro_support,offline,iMessage micro-support (Part 2) — Submission confirmations,Final checks and confirmations around submit clicks; emotional regulation nudges.,critical,done,IMSG-RAW,iMessage Part 2 (B17 window),2024-11-25..2025-01-01,Jenny-Huda Private iMessage Texts-Part-2_ImportedDoc.pdf,,https://drive.google.com/file/d/1lHx0-_nJXB8b2gTM__Doo__bSD55xOTa/view?usp=drivesdk,jsonl,,,,,"submit,confirmation,nudge",2025-09-30T08:41:46.291798+00:00,2025-09-30T08:41:46.291821+00:00
JTBD-IMSG-PART3-B17,huda-2025,P5,88-93,micro_support,offline,iMessage micro-support (Part 3) — Post-submit pivots,Shift to scholarship and portfolio refresh; positive reinforcement.,critical,done,IMSG-RAW,iMessage Part 3 (B17 window),2024-12-31..2025-01-02,Jenny-Huda Private iMessage Texts-Part-3_ImportedDoc.pdf,,https://drive.google.com/file/d/17qqIzoI47xYqMs6WXdffB8eghoop4Y0s/view?usp=drivesdk,jsonl,,,,,"post-submit,scholarship,portfolio",2025-09-30T08:41:49.425842+00:00,2025-09-30T08:41:49.425863+00:00